class_id,level,proficiency_bonus,class_features,rages,rage_damage,weapon_mastery,bardic_die,cantrips,prepared_spells,spell_slots_1,spell_slots_2,spell_slots_3,spell_slots_4,spell_slots_5,spell_slots_6,spell_slots_7,spell_slots_8,spell_slots_9,source,version
CLS_BARBARIAN,1,+2,"Rage, Unarmored Defense, Weapon Mastery",2,+2,2,,,,,,,,,,,PHB (2024),2024
CLS_BARBARIAN,2,+2,"Danger Sense, Reckless Attack",2,+2,2,,,,,,,,,,,PHB (2024),2024
CLS_BARBARIAN,3,+2,"Barbarian Subclass, Primal Knowledge",3,+2,2,,,,,,,,,,,PHB (2024),2024
CLS_BARBARIAN,4,+2,Ability Score Improvement,3,+2,3,,,,,,,,,,,PHB (2024),2024
CLS_BARBARIAN,5,+3,"Extra Attack, Fast Movement",3,+2,3,,,,,,,,,,,PHB (2024),2024
CLS_BARBARIAN,6,+3,Subclass feature,4,+2,3,,,,,,,,,,,PHB (2024),2024
CLS_BARBARIAN,7,+3,"Feral Instinct, Instinctive Pounce",4,+2,3,,,,,,,,,,,PHB (2024),2024
CLS_BARBARIAN,8,+3,Ability Score Improvement,4,+2,3,,,,,,,,,,,PHB (2024),2024
CLS_BARBARIAN,9,+4,Brutal Strike,4,+3,3,,,,,,,,,,,PHB (2024),2024
CLS_BARBARIAN,10,+4,Subclass feature,4,+3,4,,,,,,,,,,,PHB (2024),2024
CLS_BARBARIAN,11,+4,Relentless Rage,4,+3,4,,,,,,,,,,,PHB (2024),2024
CLS_BARBARIAN,12,+4,Ability Score Improvement,5,+3,4,,,,,,,,,,,PHB (2024),2024
CLS_BARBARIAN,13,+5,Improved Brutal Strike,5,+3,4,,,,,,,,,,,PHB (2024),2024
CLS_BARBARIAN,14,+5,Subclass feature,5,+3,4,,,,,,,,,,,PHB (2024),2024
CLS_BARBARIAN,15,+5,Persistent Rage,5,+3,4,,,,,,,,,,,PHB (2024),2024
CLS_BARBARIAN,16,+5,Ability Score Improvement,5,+4,4,,,,,,,,,,,PHB (2024),2024
CLS_BARBARIAN,17,+6,Improved Brutal Strike,6,+4,4,,,,,,,,,,,PHB (2024),2024
CLS_BARBARIAN,18,+6,Indomitable Might,6,+4,4,,,,,,,,,,,PHB (2024),2024
CLS_BARBARIAN,19,+6,Epic Boon,6,+4,4,,,,,,,,,,,PHB (2024),2024
CLS_BARBARIAN,20,+6,Primal Champion,6,+4,4,,,,,,,,,,,PHB (2024),2024
CLS_BARD,1,+2,"Bardic Inspiration, Spellcasting",,,,D6,2,4,2,,,,,,,,,PHB (2024),2024
CLS_BARD,2,+2,"Expertise, Jack of All Trades",,,,D6,2,5,3,,,,,,,,,PHB (2024),2024
CLS_BARD,3,+2,Bard Subclass,,,,D6,2,6,4,2,,,,,,,,PHB (2024),2024
CLS_BARD,4,+2,Ability Score Improvement,,,,D6,3,7,4,3,,,,,,,,PHB (2024),2024
CLS_BARD,5,+3,Font of Inspiration,,,,D8,3,9,4,3,2,,,,,,,PHB (2024),2024
CLS_BARD,6,+3,Subclass feature,,,,D8,3,10,4,3,3,,,,,,PHB (2024),2024
CLS_BARD,7,+3,Countercharm,,,,D8,3,11,4,3,3,1,,,,,PHB (2024),2024
CLS_BARD,8,+3,Ability Score Improvement,,,,D8,3,12,4,3,3,2,,,,,PHB (2024),2024
CLS_BARD,9,+4,Expertise,,,,D8,3,14,4,3,3,3,1,,,,PHB (2024),2024
CLS_BARD,10,+4,Magical Secrets,,,,D10,4,15,4,3,3,3,2,,,,PHB (2024),2024
CLS_BARD,11,+4,—,,,,D10,4,16,4,3,3,3,2,1,,,PHB (2024),2024
CLS_BARD,12,+4,Ability Score Improvement,,,,D10,4,16,4,3,3,3,2,1,,,PHB (2024),2024
CLS_BARD,13,+5,—,,,,D10,4,17,4,3,3,3,2,1,1,,PHB (2024),2024
CLS_BARD,14,+5,Subclass feature,,,,D10,4,17,4,3,3,3,2,1,1,,PHB (2024),2024
CLS_BARD,15,+5,—,,,,D12,4,18,4,3,3,3,2,1,1,1,PHB (2024),2024
CLS_BARD,16,+5,Ability Score Improvement,,,,D12,4,18,4,3,3,3,2,1,1,1,PHB (2024),2024
CLS_BARD,17,+6,—,,,,D12,4,19,4,3,3,3,2,1,1,1,1,PHB (2024),2024
CLS_BARD,18,+6,Superior Inspiration,,,,D12,4,20,4,3,3,3,3,1,1,1,1,PHB (2024),2024
CLS_BARD,19,+6,Epic Boon,,,,D12,4,21,4,3,3,3,3,2,1,1,1,PHB (2024),2024
CLS_BARD,20,+6,Words of Creation,,,,D12,4,22,4,3,3,3,3,2,2,1,1,PHB (2024),2024
CLS_CLERIC,1,+2,"Spellcasting, Divine Order",,,,,3,4,2,,,,,,,,PHB (2024),2024
CLS_CLERIC,2,+2,Channel Divinity,2,,,,3,5,3,,,,,,,,PHB (2024),2024
CLS_CLERIC,3,+2,Cleric Subclass,2,,,,3,6,4,2,,,,,,,PHB (2024),2024
CLS_CLERIC,4,+2,Ability Score Improvement,2,,,,4,7,4,3,,,,,,,PHB (2024),2024
CLS_CLERIC,5,+3,Sear Undead,2,,,,4,9,4,3,2,,,,,,PHB (2024),2024
CLS_CLERIC,6,+3,Subclass feature,3,,,,4,10,4,3,3,,,,,PHB (2024),2024
CLS_CLERIC,7,+3,Blessed Strikes,3,,,,4,11,4,3,3,1,,,,PHB (2024),2024
CLS_CLERIC,8,+3,Ability Score Improvement,3,,,,4,12,4,3,3,2,,,,PHB (2024),2024
CLS_CLERIC,9,+4,—,3,,,,4,14,4,3,3,3,1,,,PHB (2024),2024
CLS_CLERIC,10,+4,Divine Intervention,3,,,,5,15,4,3,3,3,2,,,PHB (2024),2024
CLS_CLERIC,11,+4,—,3,,,,5,16,4,3,3,3,2,1,,PHB (2024),2024
CLS_CLERIC,12,+4,Ability Score Improvement,3,,,,5,16,4,3,3,3,2,1,,PHB (2024),2024
CLS_CLERIC,13,+5,—,3,,,,5,17,4,3,3,3,2,1,1,PHB (2024),2024
CLS_CLERIC,14,+5,Improved Blessed Strikes,3,,,,5,17,4,3,3,3,2,1,1,PHB (2024),2024
CLS_CLERIC,15,+5,—,3,,,,5,18,4,3,3,3,2,1,1,1,PHB (2024),2024
CLS_CLERIC,16,+5,Ability Score Improvement,3,,,,5,18,4,3,3,3,2,1,1,1,PHB (2024),2024
CLS_CLERIC,17,+6,Subclass feature,3,,,,5,19,4,3,3,3,2,1,1,1,1,PHB (2024),2024
CLS_CLERIC,18,+6,—,4,,,,5,20,4,3,3,3,3,1,1,1,1,PHB (2024),2024
CLS_CLERIC,19,+6,Epic Boon,4,,,,5,21,4,3,3,3,3,2,1,1,1,PHB (2024),2024
CLS_CLERIC,20,+6,Greater Divine Intervention,4,,,,5,22,4,3,3,3,3,2,2,1,1,PHB (2024),2024
CLS_DRUID,1,+2,"Spellcasting, Druidic, Primal Order",,,,,2,4,2,,,,,,,,PHB (2024),2024
CLS_DRUID,2,+2,"Wild Shape, Wild Companion",2,,,2,5,3,,,,,,,,PHB (2024),2024
CLS_DRUID,3,+2,Druid Subclass,2,,,2,6,4,2,,,,,,,PHB (2024),2024
CLS_DRUID,4,+2,Ability Score Improvement,2,,,3,7,4,3,,,,,,,PHB (2024),2024
CLS_DRUID,5,+3,Wild Resurgence,2,,,3,9,4,3,2,,,,,,PHB (2024),2024
CLS_DRUID,6,+3,Subclass feature,3,,,3,10,4,3,3,,,,,PHB (2024),2024
CLS_DRUID,7,+3,Elemental Fury,3,,,3,11,4,3,3,1,,,,PHB (2024),2024
CLS_DRUID,8,+3,Ability Score Improvement,3,,,3,12,4,3,3,2,,,,PHB (2024),2024
CLS_DRUID,9,+4,—,3,,,3,14,4,3,3,3,1,,,PHB (2024),2024
CLS_DRUID,10,+4,Subclass feature,3,,,4,15,4,3,3,3,2,,,PHB (2024),2024
CLS_DRUID,11,+4,—,3,,,4,16,4,3,3,3,2,1,,PHB (2024),2024
CLS_DRUID,12,+4,Ability Score Improvement,3,,,4,16,4,3,3,3,2,1,,PHB (2024),2024
CLS_DRUID,13,+5,—,3,,,4,17,4,3,3,3,2,1,1,PHB (2024),2024
CLS_DRUID,14,+5,Subclass feature,3,,,4,17,4,3,3,3,2,1,1,PHB (2024),2024
CLS_DRUID,15,+5,Improved Elemental Fury,3,,,4,18,4,3,3,3,2,1,1,1,PHB (2024),2024
CLS_DRUID,16,+5,Ability Score Improvement,3,,,4,18,4,3,3,3,2,1,1,1,PHB (2024),2024
CLS_DRUID,17,+6,—,4,,,4,19,4,3,3,3,2,1,1,1,1,PHB (2024),2024
CLS_DRUID,18,+6,Beast Spells,4,,,4,20,4,3,3,3,3,1,1,1,1,PHB (2024),2024
CLS_DRUID,19,+6,Epic Boon,4,,,4,21,4,3,3,3,3,2,1,1,1,PHB (2024),2024
CLS_DRUID,20,+6,Archdruid,4,,,4,22,4,3,3,3,3,2,2,1,1,PHB (2024),2024
CLS_FIGHTER,1,+2,"Fighting Style, Second Wind, Weapon Mastery",2,,3,,,,,,,,,,,PHB (2024),2024
CLS_FIGHTER,2,+2,"Action Surge (one use), Tactical Mind",2,,3,,,,,,,,,,,PHB (2024),2024
CLS_FIGHTER,3,+2,Fighter Subclass,2,,3,,,,,,,,,,,PHB (2024),2024
CLS_FIGHTER,4,+2,Ability Score Improvement,3,,4,,,,,,,,,,,PHB (2024),2024
CLS_FIGHTER,5,+3,"Extra Attack, Tactical Shift",3,,4,,,,,,,,,,,PHB (2024),2024
CLS_FIGHTER,6,+3,Ability Score Improvement,3,,4,,,,,,,,,,,PHB (2024),2024
CLS_FIGHTER,7,+3,Subclass feature,3,,4,,,,,,,,,,,PHB (2024),2024
CLS_FIGHTER,8,+3,Ability Score Improvement,3,,4,,,,,,,,,,,PHB (2024),2024
CLS_FIGHTER,9,+4,"Indomitable (one use), Tactical Master",3,,4,,,,,,,,,,,PHB (2024),2024
CLS_FIGHTER,10,+4,Subclass feature,4,,5,,,,,,,,,,,PHB (2024),2024
CLS_FIGHTER,11,+4,Two Extra Attacks,4,,5,,,,,,,,,,,PHB (2024),2024
CLS_FIGHTER,12,+4,Ability Score Improvement,4,,5,,,,,,,,,,,PHB (2024),2024
CLS_FIGHTER,13,+5,"Indomitable (two uses), Studied Attacks",4,,5,,,,,,,,,,,PHB (2024),2024
CLS_FIGHTER,14,+5,Ability Score Improvement,4,,5,,,,,,,,,,,PHB (2024),2024
CLS_FIGHTER,15,+5,Subclass feature,4,,5,,,,,,,,,,,PHB (2024),2024
CLS_FIGHTER,16,+5,Ability Score Improvement,4,,6,,,,,,,,,,,PHB (2024),2024
CLS_FIGHTER,17,+6,"Action Surge (two uses), Indomitable (three uses)",4,,6,,,,,,,,,,,PHB (2024),2024
CLS_FIGHTER,18,+6,Subclass feature,4,,6,,,,,,,,,,,PHB (2024),2024
CLS_FIGHTER,19,+6,Epic Boon,4,,6,,,,,,,,,,,PHB (2024),2024
CLS_FIGHTER,20,+6,Three Extra Attacks,4,,6,,,,,,,,,,,PHB (2024),2024
CLS_MONK,1,+2,"Martial Arts, Unarmored Defense (Martial Arts 1d6)",,,,,,,,,,,PHB (2024),2024
CLS_MONK,2,+2,"Monk's Focus, Unarmored Movement, Uncanny Metabolism (MA 1d6; Focus 2; Move +10)",,,,,,,,,,,PHB (2024),2024
CLS_MONK,3,+2,"Deflect Attacks, Monk Subclass (MA 1d6; Focus 3; Move +10)",,,,,,,,,,,PHB (2024),2024
CLS_MONK,4,+2,"Ability Score Improvement, Slow Fall (MA 1d6; Focus 4; Move +10)",,,,,,,,,,,PHB (2024),2024
CLS_MONK,5,+3,"Extra Attack, Stunning Strike (MA 1d8; Focus 5; Move +10)",,,,,,,,,,,PHB (2024),2024
CLS_MONK,6,+3,"Empowered Strikes, Subclass feature (MA 1d8; Focus 6; Move +15)",,,,,,,,,,,PHB (2024),2024
CLS_MONK,7,+3,Evasion (MA 1d8; Focus 7; Move +15),,,,,,,,,,,PHB (2024),2024
CLS_MONK,8,+3,Ability Score Improvement (MA 1d8; Focus 8; Move +15),,,,,,,,,,,PHB (2024),2024
CLS_MONK,9,+4,Acrobatic Movement (MA 1d8; Focus 9; Move +15),,,,,,,,,,,PHB (2024),2024
CLS_MONK,10,+4,"Heightened Focus, Self-Restoration (MA 1d8; Focus 10; Move +20)",,,,,,,,,,,PHB (2024),2024
CLS_MONK,11,+4,Subclass feature (MA 1d10; Focus 11; Move +20),,,,,,,,,,,PHB (2024),2024
CLS_MONK,12,+4,Ability Score Improvement (MA 1d10; Focus 12; Move +20),,,,,,,,,,,PHB (2024),2024
CLS_MONK,13,+5,Deflect Energy (MA 1d10; Focus 13; Move +20),,,,,,,,,,,PHB (2024),2024
CLS_MONK,14,+5,Disciplined Survivor (MA 1d10; Focus 14; Move +25),,,,,,,,,,,PHB (2024),2024
CLS_MONK,15,+5,Perfect Focus (MA 1d10; Focus 15; Move +25),,,,,,,,,,,PHB (2024),2024
CLS_MONK,16,+5,Ability Score Improvement (MA 1d10; Focus 16; Move +25),,,,,,,,,,,PHB (2024),2024
CLS_MONK,17,+6,Subclass feature (MA 1d12; Focus 17; Move +25),,,,,,,,,,,PHB (2024),2024
CLS_MONK,18,+6,Superior Defense (MA 1d12; Focus 18; Move +30),,,,,,,,,,,PHB (2024),2024
CLS_MONK,19,+6,Epic Boon (MA 1d12; Focus 19; Move +30),,,,,,,,,,,PHB (2024),2024
CLS_MONK,20,+6,Body and Mind (MA 1d12; Focus 20; Move +30),,,,,,,,,,,PHB (2024),2024
CLS_PALADIN,1,+2,"Lay On Hands, Spellcasting, Weapon Mastery",,,,,2,2,2,,,,,PHB (2024),2024
CLS_PALADIN,2,+2,"Fighting Style, Paladin's Smite",,,,,3,2,2,,,,,PHB (2024),2024
CLS_PALADIN,3,+2,"Channel Divinity, Paladin Subclass",2,,,,4,3,3,,,,,PHB (2024),2024
CLS_PALADIN,4,+2,Ability Score Improvement,2,,,,5,3,3,,,,,PHB (2024),2024
CLS_PALADIN,5,+3,"Extra Attack, Faithful Steed",2,,,,6,4,2,,,,,PHB (2024),2024
CLS_PALADIN,6,+3,Aura of Protection,2,,,,6,4,2,,,,,PHB (2024),2024
CLS_PALADIN,7,+3,Subclass feature,2,,,,7,4,3,,,,,PHB (2024),2024
CLS_PALADIN,8,+3,Ability Score Improvement,2,,,,7,4,3,,,,,PHB (2024),2024
CLS_PALADIN,9,+4,Abjure Foes,2,,,,9,4,3,2,,,,PHB (2024),2024
CLS_PALADIN,10,+4,Aura of Courage,2,,,,9,4,3,2,,,,PHB (2024),2024
CLS_PALADIN,11,+4,Radiant Strikes,3,,,,10,4,3,3,,,,PHB (2024),2024
CLS_PALADIN,12,+4,Ability Score Improvement,3,,,,10,4,3,3,,,,PHB (2024),2024
CLS_PALADIN,13,+5,—,3,,,,11,4,3,3,1,,,PHB (2024),2024
CLS_PALADIN,14,+5,Restoring Touch,3,,,,11,4,3,3,1,,,PHB (2024),2024
CLS_PALADIN,15,+5,Subclass feature,3,,,,12,4,3,3,2,,,PHB (2024),2024
CLS_PALADIN,16,+5,Ability Score Improvement,3,,,,12,4,3,3,2,,,PHB (2024),2024
CLS_PALADIN,17,+6,—,3,,,,14,4,3,3,3,1,PHB (2024),2024
CLS_PALADIN,18,+6,Aura Expansion,3,,,,14,4,3,3,3,1,PHB (2024),2024
CLS_PALADIN,19,+6,Epic Boon,3,,,,15,4,3,3,3,2,PHB (2024),2024
CLS_PALADIN,20,+6,Subclass feature,3,,,,15,4,3,3,3,2,PHB (2024),2024
CLS_RANGER,1,+2,"Spellcasting, Favored Enemy, Weapon Mastery",2,,,,2,2,2,,,,,PHB (2024),2024
CLS_RANGER,2,+2,"Deft Explorer, Fighting Style",2,,,,3,2,2,,,,,PHB (2024),2024
CLS_RANGER,3,+2,Ranger Subclass,2,,,,4,3,3,,,,,PHB (2024),2024
CLS_RANGER,4,+2,Ability Score Improvement,2,,,,5,3,3,,,,,PHB (2024),2024
CLS_RANGER,5,+3,Extra Attack,3,,,,6,4,2,,,,,PHB (2024),2024
CLS_RANGER,6,+3,Roving,3,,,,6,4,2,,,,,PHB (2024),2024
CLS_RANGER,7,+3,Subclass feature,3,,,,7,4,3,,,,,PHB (2024),2024
CLS_RANGER,8,+3,Ability Score Improvement,3,,,,7,4,3,,,,,PHB (2024),2024
CLS_RANGER,9,+4,Expertise,4,,,,9,4,3,2,,,,PHB (2024),2024
CLS_RANGER,10,+4,Tireless,4,,,,9,4,3,2,,,,PHB (2024),2024
CLS_RANGER,11,+4,Subclass feature,4,,,,10,4,3,3,,,,PHB (2024),2024
CLS_RANGER,12,+4,Ability Score Improvement,4,,,,10,4,3,3,,,,PHB (2024),2024
CLS_RANGER,13,+5,Relentless Hunter,5,,,,11,4,3,3,1,,,PHB (2024),2024
CLS_RANGER,14,+5,Nature's Veil,5,,,,11,4,3,3,1,,,PHB (2024),2024
CLS_RANGER,15,+5,Subclass feature,5,,,,12,4,3,3,2,,,PHB (2024),2024
CLS_RANGER,16,+5,Ability Score Improvement,5,,,,12,4,3,3,2,,,PHB (2024),2024
CLS_RANGER,17,+6,Precise Hunter,6,,,,14,4,3,3,3,1,PHB (2024),2024
CLS_RANGER,18,+6,Feral Senses,6,,,,14,4,3,3,3,1,PHB (2024),2024
CLS_RANGER,19,+6,Epic Boon,6,,,,15,4,3,3,3,2,PHB (2024),2024
CLS_RANGER,20,+6,Foe Slayer,6,,,,15,4,3,3,3,2,PHB (2024),2024
CLS_ROGUE,1,+2,"Expertise, Sneak Attack 1d6, Thieves' Cant, Weapon Mastery",,,2,,,,,,,,,,,,,PHB (2024),2024
CLS_ROGUE,2,+2,Cunning Action (Sneak Attack 1d6),,,2,,,,,,,,,,,,,PHB (2024),2024
CLS_ROGUE,3,+2,"Rogue Subclass, Steady Aim (Sneak Attack 2d6)",,,2,,,,,,,,,,,,,PHB (2024),2024
CLS_ROGUE,4,+2,Ability Score Improvement (Sneak Attack 2d6),,,2,,,,,,,,,,,,,PHB (2024),2024
CLS_ROGUE,5,+3,"Cunning Strike, Uncanny Dodge (Sneak Attack 3d6)",,,2,,,,,,,,,,,,,PHB (2024),2024
CLS_ROGUE,6,+3,Expertise (Sneak Attack 3d6),,,2,,,,,,,,,,,,,PHB (2024),2024
CLS_ROGUE,7,+3,"Evasion, Reliable Talent (Sneak Attack 4d6)",,,2,,,,,,,,,,,,,PHB (2024),2024
CLS_ROGUE,8,+3,Ability Score Improvement (Sneak Attack 4d6),,,2,,,,,,,,,,,,,PHB (2024),2024
CLS_ROGUE,9,+4,Subclass feature (Sneak Attack 5d6),,,2,,,,,,,,,,,,,PHB (2024),2024
CLS_ROGUE,10,+4,Ability Score Improvement (Sneak Attack 5d6),,,2,,,,,,,,,,,,,PHB (2024),2024
CLS_ROGUE,11,+4,Improved Cunning Strike (Sneak Attack 6d6),,,2,,,,,,,,,,,,,PHB (2024),2024
CLS_ROGUE,12,+4,Ability Score Improvement (Sneak Attack 6d6),,,2,,,,,,,,,,,,,PHB (2024),2024
CLS_ROGUE,13,+5,Subclass feature (Sneak Attack 7d6),,,2,,,,,,,,,,,,,PHB (2024),2024
CLS_ROGUE,14,+5,Devious Strikes (Sneak Attack 7d6),,,2,,,,,,,,,,,,,PHB (2024),2024
CLS_ROGUE,15,+5,Slippery Mind (Sneak Attack 8d6),,,2,,,,,,,,,,,,,PHB (2024),2024
CLS_ROGUE,16,+5,Ability Score Improvement (Sneak Attack 8d6),,,2,,,,,,,,,,,,,PHB (2024),2024
CLS_ROGUE,17,+6,Subclass feature (Sneak Attack 9d6),,,2,,,,,,,,,,,,,PHB (2024),2024
CLS_ROGUE,18,+6,Elusive (Sneak Attack 9d6),,,2,,,,,,,,,,,,,PHB (2024),2024
CLS_ROGUE,19,+6,Epic Boon (Sneak Attack 10d6),,,2,,,,,,,,,,,,,PHB (2024),2024
CLS_ROGUE,20,+6,Stroke of Luck (Sneak Attack 10d6),,,2,,,,,,,,,,,,,PHB (2024),2024
CLS_SORCERER,1,+2,"Spellcasting, Innate Sorcery",,,,,4,2,2,,,,,,,,,PHB (2024),2024
CLS_SORCERER,2,+2,"Font of Magic, Metamagic (Sorcery Points 2)",,,,,4,4,3,,,,,,,,,PHB (2024),2024
CLS_SORCERER,3,+2,Sorcerer Subclass (Sorcery Points 3),,,,,4,6,4,2,,,,,,,,PHB (2024),2024
CLS_SORCERER,4,+2,Ability Score Improvement (Sorcery Points 4),,,,,5,7,4,3,,,,,,,,PHB (2024),2024
CLS_SORCERER,5,+3,Sorcerous Restoration (Sorcery Points 5),,,,,5,9,4,3,2,,,,,,,PHB (2024),2024
CLS_SORCERER,6,+3,Subclass feature (Sorcery Points 6),,,,,5,10,4,3,3,,,,,,,PHB (2024),2024
CLS_SORCERER,7,+3,Sorcery Incarnate (Sorcery Points 7),,,,,5,11,4,3,3,1,,,,,,PHB (2024),2024
CLS_SORCERER,8,+3,Ability Score Improvement (Sorcery Points 8),,,,,5,12,4,3,3,2,,,,,,PHB (2024),2024
CLS_SORCERER,9,+4,Sorcery Points 9,,,,,5,14,4,3,3,3,1,,,,,PHB (2024),2024
CLS_SORCERER,10,+4,Metamagic (Sorcery Points 10),,,,,6,15,4,3,3,3,2,,,,,PHB (2024),2024
CLS_SORCERER,11,+4,Sorcery Points 11,,,,,6,16,4,3,3,3,2,1,,,,PHB (2024),2024
CLS_SORCERER,12,+4,Ability Score Improvement (Sorcery Points 12),,,,,6,16,4,3,3,3,2,1,,,,PHB (2024),2024
CLS_SORCERER,13,+5,Sorcery Points 13,,,,,6,17,4,3,3,3,2,1,1,,,PHB (2024),2024
CLS_SORCERER,14,+5,Subclass feature (Sorcery Points 14),,,,,6,17,4,3,3,3,2,1,1,,,PHB (2024),2024
CLS_SORCERER,15,+5,Sorcery Points 15,,,,,6,18,4,3,3,3,2,1,1,1,,PHB (2024),2024
CLS_SORCERER,16,+5,Ability Score Improvement (Sorcery Points 16),,,,,6,18,4,3,3,3,2,1,1,1,,PHB (2024),2024
CLS_SORCERER,17,+6,Metamagic (Sorcery Points 17),,,,,6,19,4,3,3,3,2,1,1,1,1,PHB (2024),2024
CLS_SORCERER,18,+6,Subclass feature (Sorcery Points 18),,,,,6,20,4,3,3,3,3,1,1,1,1,PHB (2024),2024
CLS_SORCERER,19,+6,Epic Boon (Sorcery Points 19),,,,,6,21,4,3,3,3,3,2,1,1,1,PHB (2024),2024
CLS_SORCERER,20,+6,Arcane Apotheosis (Sorcery Points 20),,,,,6,22,4,3,3,3,3,2,2,1,1,PHB (2024),2024
CLS_WARLOCK,1,+2,"Eldritch Invocations, Pact Magic (Invocations 1; Slots 1; Slot Level 1)",,,,,2,2,1,,,,,,,,,PHB (2024),2024
CLS_WARLOCK,2,+2,Magical Cunning (Invocations 3; Slots 2; Slot Level 1),,,,,2,3,2,,,,,,,,,PHB (2024),2024
CLS_WARLOCK,3,+2,Warlock Subclass (Invocations 3; Slots 2; Slot Level 2),,,,,2,4,2,,,,,,,,,PHB (2024),2024
CLS_WARLOCK,4,+2,Ability Score Improvement (Invocations 3; Slots 2; Slot Level 2),,,,,3,5,2,,,,,,,,,PHB (2024),2024
CLS_WARLOCK,5,+3,Invocations 5; Slots 2; Slot Level 3,,,,,3,6,2,,,,,,,,,PHB (2024),2024
CLS_WARLOCK,6,+3,Subclass feature (Invocations 5; Slots 2; Slot Level 3),,,,,3,7,2,,,,,,,,,PHB (2024),2024
CLS_WARLOCK,7,+3,Invocations 6; Slots 2; Slot Level 4,,,,,3,8,2,,,,,,,,,PHB (2024),2024
CLS_WARLOCK,8,+3,Ability Score Improvement (Invocations 6; Slots 2; Slot Level 4),,,,,3,9,2,,,,,,,,,PHB (2024),2024
CLS_WARLOCK,9,+4,Contact Patron (Invocations 7; Slots 2; Slot Level 5),,,,,3,10,2,,,,,,,,,PHB (2024),2024
CLS_WARLOCK,10,+4,Subclass feature (Invocations 7; Slots 2; Slot Level 5),,,,,4,10,2,,,,,,,,,PHB (2024),2024
CLS_WARLOCK,11,+4,Mystic Arcanum (6th) (Invocations 7; Slots 3; Slot Level 5),,,,,4,11,3,,,,,,,,,PHB (2024),2024
CLS_WARLOCK,12,+4,Ability Score Improvement (Invocations 8; Slots 3; Slot Level 5),,,,,4,11,3,,,,,,,,,PHB (2024),2024
CLS_WARLOCK,13,+5,Mystic Arcanum (7th) (Invocations 8; Slots 3; Slot Level 5),,,,,4,12,3,,,,,,,,,PHB (2024),2024
CLS_WARLOCK,14,+5,Subclass feature (Invocations 8; Slots 3; Slot Level 5),,,,,4,12,3,,,,,,,,,PHB (2024),2024
CLS_WARLOCK,15,+5,Mystic Arcanum (8th) (Invocations 9; Slots 3; Slot Level 5),,,,,4,13,3,,,,,,,,,PHB (2024),2024
CLS_WARLOCK,16,+5,Ability Score Improvement (Invocations 9; Slots 3; Slot Level 5),,,,,4,13,3,,,,,,,,,PHB (2024),2024
CLS_WARLOCK,17,+6,Mystic Arcanum (9th) (Invocations 9; Slots 4; Slot Level 5),,,,,4,14,4,,,,,,,,,PHB (2024),2024
CLS_WARLOCK,18,+6,Invocations 10; Slots 4; Slot Level 5,,,,,4,14,4,,,,,,,,,PHB (2024),2024
CLS_WARLOCK,19,+6,Epic Boon (Invocations 10; Slots 4; Slot Level 5),,,,,4,15,4,,,,,,,,,PHB (2024),2024
CLS_WARLOCK,20,+6,Eldritch Master (Invocations 10; Slots 4; Slot Level 5),,,,,4,15,4,,,,,,,,,PHB (2024),2024
CLS_WIZARD,1,+2,"Spellcasting, Ritual Adept, Arcane Recovery",,,,,3,4,2,,,,,,,,,PHB (2024),2024
CLS_WIZARD,2,+2,Scholar,,,,,3,5,3,,,,,,,,,PHB (2024),2024
CLS_WIZARD,3,+2,Wizard Subclass,,,,,3,6,4,2,,,,,,,,PHB (2024),2024
CLS_WIZARD,4,+2,Ability Score Improvement,,,,,4,7,4,3,,,,,,,,PHB (2024),2024
CLS_WIZARD,5,+3,Memorize Spell,,,,,4,9,4,3,2,,,,,,,PHB (2024),2024
CLS_WIZARD,6,+3,Subclass feature,,,,,4,10,4,3,3,,,,,,,PHB (2024),2024
CLS_WIZARD,7,+3,Spell Slots (4/3/3/1),,,,,4,11,4,3,3,1,,,,,,PHB (2024),2024
CLS_WIZARD,8,+3,Ability Score Improvement,,,,,4,12,4,3,3,2,,,,,,PHB (2024),2024
CLS_WIZARD,9,+4,Spell Slots (4/3/3/3/1),,,,,4,14,4,3,3,3,1,,,,,PHB (2024),2024
CLS_WIZARD,10,+4,Subclass feature,,,,,5,15,4,3,3,3,2,,,,,PHB (2024),2024
CLS_WIZARD,11,+4,Spell Slots (4/3/3/3/2/1),,,,,5,16,4,3,3,3,2,1,,,,PHB (2024),2024
CLS_WIZARD,12,+4,Ability Score Improvement,,,,,5,16,4,3,3,3,2,1,,,,PHB (2024),2024
CLS_WIZARD,13,+5,Spell Slots (4/3/3/3/2/1/1),,,,,5,17,4,3,3,3,2,1,1,,,PHB (2024),2024
CLS_WIZARD,14,+5,Subclass feature,,,,,5,18,4,3,3,3,2,1,1,,,PHB (2024),2024
CLS_WIZARD,15,+5,Spell Slots (4/3/3/3/2/1/1/1),,,,,5,19,4,3,3,3,2,1,1,1,,PHB (2024),2024
CLS_WIZARD,16,+5,Ability Score Improvement,,,,,5,21,4,3,3,3,2,1,1,1,,PHB (2024),2024
CLS_WIZARD,17,+6,Spell Slots (4/3/3/3/2/1/1/1/1),,,,,5,22,4,3,3,3,2,1,1,1,1,PHB (2024),2024
CLS_WIZARD,18,+6,Spell Mastery,,,,,5,23,4,3,3,3,3,1,1,1,1,PHB (2024),2024
CLS_WIZARD,19,+6,Epic Boon,,,,,5,24,4,3,3,3,3,2,1,1,1,PHB (2024),2024
CLS_WIZARD,20,+6,Signature Spells,,,,,5,25,4,3,3,3,3,2,2,1,1,PHB (2024),2024
