feature_id,class_id,subclass_id,level_gained,name,summary,action_type,uses,recharge,source,version
CF_WIZARD_SPELLCASTING,CLS_WIZARD,,1,Spellcasting,Wizard spellcasting with spellbook.,,,,PHB (2024),2024
CF_BARBARIAN_RAGE,CLS_BARBARIAN,,1,Rage,Enter a rage for bonuses (placeholder).,Bonus Action,Varies by level,Long Rest,PHB (2024),2024
CF_BARD_BARDIC_INSPIRATION,CLS_BARD,,1,Bardic Inspiration,"Bonus Action inspire; die scales with level.",Bonus Action,"Cha mod",Long Rest,PHB (2024),2024
CF_BARD_SPELLCASTING,CLS_BARD,,1,Spellcasting,Bard spellcasting and prepared spells.,,,,PHB (2024),2024
CF_BARD_EXPERTISE,CLS_BARD,,2,Expertise,Double proficiency in two skills (and two more at level 9).,,,,PHB (2024),2024
CF_BARD_JACK_OF_ALL_TRADES,CLS_BARD,,2,Jack of All Trades,Add half proficiency to unproficient checks.,,,,PHB (2024),2024
CF_BARD_SUBCLASS,CLS_BARD,,3,Bard Subclass,Choose a Bard subclass.,,,,PHB (2024),2024
CF_BARD_ASI,CLS_BARD,,4,Ability Score Improvement,Gain ASI or feat (levels 4,8,12,16).,,,,PHB (2024),2024
CF_BARD_FONT_OF_INSPIRATION,CLS_BARD,,5,Font of Inspiration,Regain Bardic Inspiration on short or long rest.,,,,PHB (2024),2024
CF_BARD_COUNTERCHARM,CLS_BARD,,7,Countercharm,"Reaction to reroll failed save vs charmed or frightened with advantage.",Reaction,,,PHB (2024),2024
CF_BARD_MAGICAL_SECRETS,CLS_BARD,,10,Magical Secrets,"Choose prepared spells from Bard, Cleric, Druid, Wizard.",,,,PHB (2024),2024
CF_BARD_SUPERIOR_INSPIRATION,CLS_BARD,,18,Superior Inspiration,Regain Bardic Inspiration on initiative if below two.,,,,PHB (2024),2024
CF_BARD_EPIC_BOON,CLS_BARD,,19,Epic Boon,Gain an Epic Boon feat or another feat.,,,,PHB (2024),2024
CF_BARD_WORDS_OF_CREATION,CLS_BARD,,20,Words of Creation,"Always have Power Word Heal and Power Word Kill prepared; can target two.",,,,PHB (2024),2024
CF_BARD_LORE_BONUS_PROF,CLS_BARD,SUB_BARD_LORE,3,Bonus Proficiencies,Gain proficiency with three skills of your choice.,,,,PHB (2024),2024
CF_BARD_LORE_CUTTING_WORDS,CLS_BARD,SUB_BARD_LORE,3,Cutting Words,Reaction to reduce a creature roll with Bardic Inspiration.,Reaction,,,PHB (2024),2024
CF_BARD_LORE_MAGICAL_DISCOVERIES,CLS_BARD,SUB_BARD_LORE,6,Magical Discoveries,Learn two spells that are always prepared and can be swapped on level up.,,,,PHB (2024),2024
CF_BARD_LORE_PEERLESS_SKILL,CLS_BARD,SUB_BARD_LORE,14,Peerless Skill,Reaction to add Bardic Inspiration die to a failed roll.,Reaction,,,PHB (2024),2024
CF_BARD_DANCE_DAZZLING_FOOTWORK,CLS_BARD,SUB_BARD_DANCE,3,Dazzling Footwork,Unarmored dance benefits and agile strikes.,,,,PHB (2024),2024
CF_BARD_DANCE_INSPIRING_MOVEMENT,CLS_BARD,SUB_BARD_DANCE,6,Inspiring Movement,Reaction move and allow an ally to move without OA.,Reaction,,,PHB (2024),2024
CF_BARD_DANCE_TANDEM_FOOTWORK,CLS_BARD,SUB_BARD_DANCE,6,Tandem Footwork,Spend Bardic Inspiration on initiative to boost allies.,,,,PHB (2024),2024
CF_BARD_DANCE_LEADING_EVASION,CLS_BARD,SUB_BARD_DANCE,14,Leading Evasion,Evasion that can apply to nearby allies on same save.,,,,PHB (2024),2024
CF_BARD_GLAMOUR_BEGUILING_MAGIC,CLS_BARD,SUB_BARD_GLAMOUR,3,Beguiling Magic,Prepared spells and a charm/fear rider on spells.,,,,PHB (2024),2024
CF_BARD_GLAMOUR_MANTLE_OF_INSPIRATION,CLS_BARD,SUB_BARD_GLAMOUR,3,Mantle of Inspiration,Bonus Action to grant Temp HP and reaction moves.,Bonus Action,,,PHB (2024),2024
CF_BARD_GLAMOUR_MANTLE_OF_MAJESTY,CLS_BARD,SUB_BARD_GLAMOUR,6,Mantle of Majesty,Prepared Command and Bonus Action casting without slots.,Bonus Action,,,PHB (2024),2024
CF_BARD_GLAMOUR_UNBREAKABLE_MAJESTY,CLS_BARD,SUB_BARD_GLAMOUR,14,Unbreakable Majesty,Bonus Action aura can cause attacks to miss.,Bonus Action,,,PHB (2024),2024
CF_BARD_VALOR_COMBAT_INSPIRATION,CLS_BARD,SUB_BARD_VALOR,3,Combat Inspiration,Use Bardic Inspiration for defense or extra damage.,,,,PHB (2024),2024
CF_BARD_VALOR_MARTIAL_TRAINING,CLS_BARD,SUB_BARD_VALOR,3,Martial Training,Proficiency with martial weapons and medium armor/shields.,,,,PHB (2024),2024
CF_BARD_VALOR_EXTRA_ATTACK,CLS_BARD,SUB_BARD_VALOR,6,Extra Attack,Attack twice; swap a cantrip for one attack.,,,,PHB (2024),2024
CF_BARD_VALOR_BATTLE_MAGIC,CLS_BARD,SUB_BARD_VALOR,14,Battle Magic,After casting a spell, make a weapon attack as Bonus Action.,Bonus Action,,,PHB (2024),2024
CF_BARBARIAN_UNARMORED_DEFENSE,CLS_BARBARIAN,,1,Unarmored Defense,AC equals 10 plus Dex and Con modifiers while unarmored.,,,,PHB (2024),2024
CF_BARBARIAN_WEAPON_MASTERY,CLS_BARBARIAN,,1,Weapon Mastery,Use mastery properties of two melee weapons (more at higher levels).,,,,PHB (2024),2024
CF_BARBARIAN_DANGER_SENSE,CLS_BARBARIAN,,2,Danger Sense,Advantage on Dex saves unless Incapacitated.,,,,PHB (2024),2024
CF_BARBARIAN_RECKLESS_ATTACK,CLS_BARBARIAN,,2,Reckless Attack,Gain Advantage on Strength attacks; attacks vs you have Advantage.,,,,PHB (2024),2024
CF_BARBARIAN_SUBCLASS,CLS_BARBARIAN,,3,Barbarian Subclass,Choose a Barbarian subclass.,,,,PHB (2024),2024
CF_BARBARIAN_PRIMAL_KNOWLEDGE,CLS_BARBARIAN,,3,Primal Knowledge,Extra skill proficiency and Strength-based skill use while raging.,,,,PHB (2024),2024
CF_BARBARIAN_ASI,CLS_BARBARIAN,,4,Ability Score Improvement,Gain ASI or feat (levels 4,8,12,16).,,,,PHB (2024),2024
CF_BARBARIAN_EXTRA_ATTACK,CLS_BARBARIAN,,5,Extra Attack,Attack twice when you take the Attack action.,,,,PHB (2024),2024
CF_BARBARIAN_FAST_MOVEMENT,CLS_BARBARIAN,,5,Fast Movement,Speed increases by 10 feet while not in Heavy armor.,,,,PHB (2024),2024
CF_BARBARIAN_FERAL_INSTINCT,CLS_BARBARIAN,,7,Feral Instinct,Advantage on Initiative rolls.,,,,PHB (2024),2024
CF_BARBARIAN_INSTINCTIVE_POUNCE,CLS_BARBARIAN,,7,Instinctive Pounce,Move up to half speed when you enter Rage.,,,,PHB (2024),2024
CF_BARBARIAN_BRUTAL_STRIKE,CLS_BARBARIAN,,9,Brutal Strike,Extra damage and special effects when using Reckless Attack.,,,,PHB (2024),2024
CF_BARBARIAN_RELENTLESS_RAGE,CLS_BARBARIAN,,11,Relentless Rage,Con save to stay at 0 HP during Rage.,,,,PHB (2024),2024
CF_BARBARIAN_IMPROVED_BRUTAL_STRIKE,CLS_BARBARIAN,,13,Improved Brutal Strike,Additional Brutal Strike options (damage scaling later).,,,,PHB (2024),2024
CF_BARBARIAN_PERSISTENT_RAGE,CLS_BARBARIAN,,15,Persistent Rage,Rage lasts 10 minutes and refreshes on Initiative.,,,,PHB (2024),2024
CF_BARBARIAN_INDOMITABLE_MIGHT,CLS_BARBARIAN,,18,Indomitable Might,Use Strength score for low Str checks/saves.,,,,PHB (2024),2024
CF_BARBARIAN_EPIC_BOON,CLS_BARBARIAN,,19,Epic Boon,Gain an Epic Boon feat or another feat.,,,,PHB (2024),2024
CF_BARBARIAN_PRIMAL_CHAMPION,CLS_BARBARIAN,,20,Primal Champion,Strength and Constitution increase by 4 (max 25).,,,,PHB (2024),2024
CF_BARBARIAN_BERSERKER_FRENZY,CLS_BARBARIAN,SUB_BARBARIAN_BERSERKER,3,Frenzy,Extra damage on first hit while raging with Reckless Attack.,,,,PHB (2024),2024
CF_BARBARIAN_BERSERKER_MINDLESS_RAGE,CLS_BARBARIAN,SUB_BARBARIAN_BERSERKER,6,Mindless Rage,Immunity to Charmed and Frightened while raging.,,,,PHB (2024),2024
CF_BARBARIAN_BERSERKER_RETALIATION,CLS_BARBARIAN,SUB_BARBARIAN_BERSERKER,10,Retaliation,Reaction melee attack when a creature damages you within 5 feet.,Reaction,,,PHB (2024),2024
CF_BARBARIAN_BERSERKER_INTIMIDATING_PRESENCE,CLS_BARBARIAN,SUB_BARBARIAN_BERSERKER,14,Intimidating Presence,Bonus action to frighten creatures in 30-foot emanation.,Bonus Action,,,PHB (2024),2024
CF_BARBARIAN_WILD_HEART_ANIMAL_SPEAKER,CLS_BARBARIAN,SUB_BARBARIAN_WILD_HEART,3,Animal Speaker,Ritual cast Beast Sense and Speak with Animals (Wisdom).,,,,PHB (2024),2024
CF_BARBARIAN_WILD_HEART_RAGE_OF_THE_WILDS,CLS_BARBARIAN,SUB_BARBARIAN_WILD_HEART,3,Rage of the Wilds,Bear, Eagle, or Wolf benefits while raging.,,,,PHB (2024),2024
CF_BARBARIAN_WILD_HEART_ASPECT_OF_THE_WILDS,CLS_BARBARIAN,SUB_BARBARIAN_WILD_HEART,6,Aspect of the Wilds,Gain Owl, Panther, or Salmon aspect after long rest.,,,,PHB (2024),2024
CF_BARBARIAN_WILD_HEART_NATURE_SPEAKER,CLS_BARBARIAN,SUB_BARBARIAN_WILD_HEART,10,Nature Speaker,Ritual cast Commune with Nature (Wisdom).,,,,PHB (2024),2024
CF_BARBARIAN_WILD_HEART_POWER_OF_THE_WILDS,CLS_BARBARIAN,SUB_BARBARIAN_WILD_HEART,14,Power of the Wilds,Falcon, Lion, or Ram benefits while raging.,,,,PHB (2024),2024
CF_BARBARIAN_WORLD_TREE_VITALITY_OF_THE_TREE,CLS_BARBARIAN,SUB_BARBARIAN_WORLD_TREE,3,Vitality of the Tree,Gain Temp HP on Rage and share Temp HP to ally.,,,,PHB (2024),2024
CF_BARBARIAN_WORLD_TREE_BRANCHES_OF_THE_TREE,CLS_BARBARIAN,SUB_BARBARIAN_WORLD_TREE,6,Branches of the Tree,Reaction to teleport a nearby creature and reduce its speed.,Reaction,,,PHB (2024),2024
CF_BARBARIAN_WORLD_TREE_BATTERING_ROOTS,CLS_BARBARIAN,SUB_BARBARIAN_WORLD_TREE,10,Battering Roots,Reach +10 with heavy/versatile weapons; add Push/Topple.,,,,PHB (2024),2024
CF_BARBARIAN_WORLD_TREE_TRAVEL_ALONG_THE_TREE,CLS_BARBARIAN,SUB_BARBARIAN_WORLD_TREE,14,Travel along the Tree,Teleport on Rage and as a Bonus Action while raging.,Bonus Action,,,PHB (2024),2024
CF_BARBARIAN_ZEALOT_DIVINE_FURY,CLS_BARBARIAN,SUB_BARBARIAN_ZEALOT,3,Divine Fury,Extra necrotic or radiant damage once per turn while raging.,,,,PHB (2024),2024
CF_BARBARIAN_ZEALOT_WARRIOR_OF_THE_GODS,CLS_BARBARIAN,SUB_BARBARIAN_ZEALOT,3,Warrior of the Gods,Bonus Action heal using a pool of d12s.,Bonus Action,,,PHB (2024),2024
CF_BARBARIAN_ZEALOT_FANATICAL_FOCUS,CLS_BARBARIAN,SUB_BARBARIAN_ZEALOT,6,Fanatical Focus,Reroll a failed save once per Rage with bonus.,,,,PHB (2024),2024
CF_BARBARIAN_ZEALOT_ZEALOUS_PRESENCE,CLS_BARBARIAN,SUB_BARBARIAN_ZEALOT,10,Zealous Presence,Bonus Action grant allies advantage until next turn.,Bonus Action,,,PHB (2024),2024
CF_BARBARIAN_ZEALOT_RAGE_OF_THE_GODS,CLS_BARBARIAN,SUB_BARBARIAN_ZEALOT,14,Rage of the Gods,Divine warrior form with flight, resistances, and revival.,,,,PHB (2024),2024
CF_CLERIC_SPELLCASTING,CLS_CLERIC,,1,Spellcasting,Cleric spellcasting and prepared spells.,,,,PHB (2024),2024
CF_CLERIC_DIVINE_ORDER,CLS_CLERIC,,1,Divine Order,Choose a sacred role.,,,,PHB (2024),2024
CF_CLERIC_CHANNEL_DIVINITY,CLS_CLERIC,,2,Channel Divinity,Divine Spark and Turn Undead uses.,Magic Action,"2 (scales)",Short Rest,PHB (2024),2024
CF_CLERIC_SUBCLASS,CLS_CLERIC,,3,Cleric Subclass,Choose a Cleric subclass.,,,,PHB (2024),2024
CF_CLERIC_ASI,CLS_CLERIC,,4,Ability Score Improvement,Gain ASI or feat (levels 4,8,12,16).,,,,PHB (2024),2024
CF_CLERIC_SEAR_UNDEAD,CLS_CLERIC,,5,Sear Undead,Turn Undead deals Radiant damage on failed saves.,,,,PHB (2024),2024
CF_CLERIC_BLESSED_STRIKES,CLS_CLERIC,,7,Blessed Strikes,Choose Divine Strike or Potent Spellcasting.,,,,PHB (2024),2024
CF_CLERIC_DIVINE_INTERVENTION,CLS_CLERIC,,10,Divine Intervention,Cast a spell without expending a slot.,Magic Action,,Long Rest,PHB (2024),2024
CF_CLERIC_IMPROVED_BLESSED_STRIKES,CLS_CLERIC,,14,Improved Blessed Strikes,Blessed Strikes improves.,,,,PHB (2024),2024
CF_CLERIC_EPIC_BOON,CLS_CLERIC,,19,Epic Boon,Gain an Epic Boon feat or another feat.,,,,PHB (2024),2024
CF_CLERIC_GREATER_DIVINE_INTERVENTION,CLS_CLERIC,,20,Greater Divine Intervention,Can choose Wish; extended cooldown.,,,,PHB (2024),2024
CF_CLERIC_LIFE_DISCIPLE_OF_LIFE,CLS_CLERIC,SUB_CLERIC_LIFE,3,Disciple of Life,Extra healing on spells with slots.,,,,PHB (2024),2024
CF_CLERIC_LIFE_DOMAIN_SPELLS,CLS_CLERIC,SUB_CLERIC_LIFE,3,Life Domain Spells,Always prepared domain spells by level.,,,,PHB (2024),2024
CF_CLERIC_LIFE_PRESERVE_LIFE,CLS_CLERIC,SUB_CLERIC_LIFE,3,Preserve Life,Channel Divinity to heal bloodied creatures in range.,Magic Action,,,PHB (2024),2024
CF_CLERIC_LIFE_BLESSED_HEALER,CLS_CLERIC,SUB_CLERIC_LIFE,6,Blessed Healer,Healing spells you cast on others also heal you.,,,,PHB (2024),2024
CF_CLERIC_LIFE_SUPREME_HEALING,CLS_CLERIC,SUB_CLERIC_LIFE,17,Supreme Healing,Maximize healing dice for spells and Channel Divinity.,,,,PHB (2024),2024
CF_CLERIC_LIGHT_DOMAIN_SPELLS,CLS_CLERIC,SUB_CLERIC_LIGHT,3,Light Domain Spells,Always prepared domain spells by level.,,,,PHB (2024),2024
CF_CLERIC_LIGHT_RADIANCE_OF_THE_DAWN,CLS_CLERIC,SUB_CLERIC_LIGHT,3,Radiance of the Dawn,Channel Divinity to dispel darkness and deal radiant damage.,Magic Action,,,PHB (2024),2024
CF_CLERIC_LIGHT_WARDING_FLARE,CLS_CLERIC,SUB_CLERIC_LIGHT,3,Warding Flare,Reaction to impose disadvantage on an attack roll.,Reaction,,,PHB (2024),2024
CF_CLERIC_LIGHT_IMPROVED_WARDING_FLARE,CLS_CLERIC,SUB_CLERIC_LIGHT,6,Improved Warding Flare,Recharge on short rest and grant Temp HP on use.,,,,PHB (2024),2024
CF_CLERIC_LIGHT_CORONA_OF_LIGHT,CLS_CLERIC,SUB_CLERIC_LIGHT,17,Corona of Light,Sunlight aura weakens foes against radiant/fire effects.,Magic Action,,,PHB (2024),2024
CF_CLERIC_TRICKERY_BLESSING_OF_THE_TRICKSTER,CLS_CLERIC,SUB_CLERIC_TRICKERY,3,Blessing of the Trickster,Grant advantage on Stealth checks until long rest.,Magic Action,,,PHB (2024),2024
CF_CLERIC_TRICKERY_INVOKE_DUPLICITY,CLS_CLERIC,SUB_CLERIC_TRICKERY,3,Invoke Duplicity,Channel Divinity to create a controllable illusion.,Bonus Action,,,PHB (2024),2024
CF_CLERIC_TRICKERY_DOMAIN_SPELLS,CLS_CLERIC,SUB_CLERIC_TRICKERY,3,Trickery Domain Spells,Always prepared domain spells by level.,,,,PHB (2024),2024
CF_CLERIC_TRICKERY_TRICKSTERS_TRANSPOSITION,CLS_CLERIC,SUB_CLERIC_TRICKERY,6,Trickster's Transposition,Teleport by swapping places with your illusion.,,,,PHB (2024),2024
CF_CLERIC_TRICKERY_IMPROVED_DUPLICITY,CLS_CLERIC,SUB_CLERIC_TRICKERY,17,Improved Duplicity,Illusion grants ally advantage and heals when it ends.,,,,PHB (2024),2024
CF_CLERIC_WAR_GUIDED_STRIKE,CLS_CLERIC,SUB_CLERIC_WAR,3,Guided Strike,Channel Divinity to add +10 to an attack roll.,,,,PHB (2024),2024
CF_CLERIC_WAR_DOMAIN_SPELLS,CLS_CLERIC,SUB_CLERIC_WAR,3,War Domain Spells,Always prepared domain spells by level.,,,,PHB (2024),2024
CF_CLERIC_WAR_PRIEST,CLS_CLERIC,SUB_CLERIC_WAR,3,War Priest,Bonus Action weapon/unarmed attack uses scale by Wis.,Bonus Action,,,PHB (2024),2024
CF_CLERIC_WAR_GODS_BLESSING,CLS_CLERIC,SUB_CLERIC_WAR,6,War God's Blessing,Channel Divinity to cast Shield of Faith or Spiritual Weapon.,,,,PHB (2024),2024
CF_CLERIC_WAR_AVATAR_OF_BATTLE,CLS_CLERIC,SUB_CLERIC_WAR,17,Avatar of Battle,Resistance to bludgeoning, piercing, and slashing.,,,,PHB (2024),2024
CF_CLERIC_LIFE_PRESERVE_LIFE,CLS_CLERIC,SUB_CLERIC_LIFE,3,Preserve Life,Channel Divinity healing pool.,Magic Action,,,PHB (2024),2024
CF_CLERIC_LIFE_BLESSED_HEALER,CLS_CLERIC,SUB_CLERIC_LIFE,6,Blessed Healer,Healing others also heals you.,,,,PHB (2024),2024
CF_CLERIC_LIFE_SUPREME_HEALING,CLS_CLERIC,SUB_CLERIC_LIFE,17,Supreme Healing,Maximize healing dice.,,,,PHB (2024),2024
CF_DRUID_SPELLCASTING,CLS_DRUID,,1,Spellcasting,Druid spellcasting and prepared spells.,,,,PHB (2024),2024
CF_DRUID_DRUIDIC,CLS_DRUID,,1,Druidic,Learn Druidic; always have Speak with Animals prepared.,,,,PHB (2024),2024
CF_DRUID_PRIMAL_ORDER,CLS_DRUID,,1,Primal Order,Choose a sacred role.,,,,PHB (2024),2024
CF_DRUID_WILD_SHAPE,CLS_DRUID,,2,Wild Shape,Bonus action to assume beast form; uses scale by level.,Bonus Action,"2 (scales)",Short Rest,PHB (2024),2024
CF_DRUID_WILD_COMPANION,CLS_DRUID,,2,Wild Companion,Cast Find Familiar using Wild Shape or spell slot.,Magic Action,,,PHB (2024),2024
CF_DRUID_SUBCLASS,CLS_DRUID,,3,Druid Subclass,Choose a Druid subclass.,,,,PHB (2024),2024
CF_DRUID_ASI,CLS_DRUID,,4,Ability Score Improvement,Gain ASI or feat (levels 4,8,12,16).,,,,PHB (2024),2024
CF_DRUID_WILD_RESURGENCE,CLS_DRUID,,5,Wild Resurgence,Convert spell slots and Wild Shape uses.,,,,PHB (2024),2024
CF_DRUID_ELEMENTAL_FURY,CLS_DRUID,,7,Elemental Fury,Choose an elemental option (improves at 15).,,,,PHB (2024),2024
CF_DRUID_IMPROVED_ELEMENTAL_FURY,CLS_DRUID,,15,Improved Elemental Fury,Elemental Fury options improve.,,,,PHB (2024),2024
CF_DRUID_BEAST_SPELLS,CLS_DRUID,,18,Beast Spells,Cast spells in Beast form with limits.,,,,PHB (2024),2024
CF_DRUID_EPIC_BOON,CLS_DRUID,,19,Epic Boon,Gain an Epic Boon feat or another feat.,,,,PHB (2024),2024
CF_DRUID_ARCHDRUID,CLS_DRUID,,20,Archdruid,Evergreen Wild Shape and Nature Magician.,,,,PHB (2024),2024
CF_DRUID_LAND_CIRCLE_SPELLS,CLS_DRUID,SUB_DRUID_LAND,3,Circle of the Land Spells,Prepared spells by land type and level.,,,,PHB (2024),2024
CF_DRUID_LAND_LANDS_AID,CLS_DRUID,SUB_DRUID_LAND,3,Land's Aid,Area heal and necrotic damage (scales).,Magic Action,,,PHB (2024),2024
CF_DRUID_LAND_NATURAL_RECOVERY,CLS_DRUID,SUB_DRUID_LAND,6,Natural Recovery,Recover spell slots after short rest.,,,,PHB (2024),2024
CF_DRUID_LAND_NATURES_WARD,CLS_DRUID,SUB_DRUID_LAND,10,Nature's Ward,Immunity to Poisoned and resistance by land type.,,,,PHB (2024),2024
CF_DRUID_LAND_NATURES_SANCTUARY,CLS_DRUID,SUB_DRUID_LAND,14,Nature's Sanctuary,Create protective terrain cube, move it as bonus action.,Magic Action,,,PHB (2024),2024
CF_DRUID_MOON_CIRCLE_FORMS,CLS_DRUID,SUB_DRUID_MOON,3,Circle Forms,Enhanced Wild Shape CR, AC, and Temp HP.,,,,PHB (2024),2024
CF_DRUID_MOON_CIRCLE_SPELLS,CLS_DRUID,SUB_DRUID_MOON,3,Circle of the Moon Spells,Always prepared spells usable in Wild Shape.,,,,PHB (2024),2024
CF_DRUID_MOON_IMPROVED_CIRCLE_FORMS,CLS_DRUID,SUB_DRUID_MOON,6,Improved Circle Forms,Radiant damage option and tougher saves in Wild Shape.,,,,PHB (2024),2024
CF_DRUID_MOON_MOONLIGHT_STEP,CLS_DRUID,SUB_DRUID_MOON,10,Moonlight Step,Bonus Action teleport with advantage on next attack.,Bonus Action,,,PHB (2024),2024
CF_DRUID_MOON_LUNAR_FORM,CLS_DRUID,SUB_DRUID_MOON,14,Lunar Form,Extra radiant damage and shared Moonlight Step.,,,,PHB (2024),2024
CF_DRUID_SEA_CIRCLE_SPELLS,CLS_DRUID,SUB_DRUID_SEA,3,Circle of the Sea Spells,Always prepared spells by level.,,,,PHB (2024),2024
CF_DRUID_SEA_WRATH_OF_THE_SEA,CLS_DRUID,SUB_DRUID_SEA,3,Wrath of the Sea,Bonus Action emanation that damages and pushes foes.,Bonus Action,,,PHB (2024),2024
CF_DRUID_SEA_AQUATIC_AFFINITY,CLS_DRUID,SUB_DRUID_SEA,6,Aquatic Affinity,Emanation grows and you gain a swim speed.,,,,PHB (2024),2024
CF_DRUID_SEA_STORMBORN,CLS_DRUID,SUB_DRUID_SEA,10,Stormborn,Emanation grants flight and resistances.,,,,PHB (2024),2024
CF_DRUID_SEA_OCEANIC_GIFT,CLS_DRUID,SUB_DRUID_SEA,14,Oceanic Gift,Share Wrath of the Sea with an ally.,,,,PHB (2024),2024
CF_DRUID_STARS_STAR_MAP,CLS_DRUID,SUB_DRUID_STARS,3,Star Map,Create star chart; Guidance/Guiding Bolt prepared.,,,,PHB (2024),2024
CF_DRUID_STARS_STARRY_FORM,CLS_DRUID,SUB_DRUID_STARS,3,Starry Form,Bonus Action to assume a starry constellation form.,Bonus Action,,,PHB (2024),2024
CF_DRUID_STARS_COSMIC_OMEN,CLS_DRUID,SUB_DRUID_STARS,6,Cosmic Omen,Reaction weal or woe on d20 tests.,Reaction,,,PHB (2024),2024
CF_DRUID_STARS_TWINKLING_CONSTELLATIONS,CLS_DRUID,SUB_DRUID_STARS,10,Twinkling Constellations,Upgrade Starry Form and change constellations.,,,,PHB (2024),2024
CF_DRUID_STARS_FULL_OF_STARS,CLS_DRUID,SUB_DRUID_STARS,14,Full of Stars,Resistance to bludgeoning, piercing, and slashing.,,,,PHB (2024),2024
CF_FIGHTER_FIGHTING_STYLE,CLS_FIGHTER,,1,Fighting Style,Gain a Fighting Style feat; can replace on level up.,,,,PHB (2024),2024
CF_FIGHTER_SECOND_WIND,CLS_FIGHTER,,1,Second Wind,Bonus action heal 1d10 + fighter level; uses scale by level.,Bonus Action,"2 (scales)",Short Rest,PHB (2024),2024
CF_FIGHTER_WEAPON_MASTERY,CLS_FIGHTER,,1,Weapon Mastery,Use mastery properties of three weapons (more at higher levels).,,,,PHB (2024),2024
CF_FIGHTER_ACTION_SURGE,CLS_FIGHTER,,2,Action Surge,Take one additional action; uses increase at level 17.,,,,PHB (2024),2024
CF_FIGHTER_TACTICAL_MIND,CLS_FIGHTER,,2,Tactical Mind,Spend Second Wind to add 1d10 to failed check.,,,,PHB (2024),2024
CF_FIGHTER_SUBCLASS,CLS_FIGHTER,,3,Fighter Subclass,Choose a Fighter subclass.,,,,PHB (2024),2024
CF_FIGHTER_ASI,CLS_FIGHTER,,4,Ability Score Improvement,Gain ASI or feat (levels 4,6,8,12,14,16).,,,,PHB (2024),2024
CF_FIGHTER_EXTRA_ATTACK,CLS_FIGHTER,,5,Extra Attack,Attack twice when you take the Attack action.,,,,PHB (2024),2024
CF_FIGHTER_TACTICAL_SHIFT,CLS_FIGHTER,,5,Tactical Shift,Move up to half speed when using Second Wind.,,,,PHB (2024),2024
CF_FIGHTER_TACTICAL_MASTER,CLS_FIGHTER,,9,Tactical Master,Replace mastery property with Push, Sap, or Slow.,,,,PHB (2024),2024
CF_FIGHTER_INDOMITABLE,CLS_FIGHTER,,9,Indomitable,Reroll a failed save with bonus equal to fighter level.,,,,PHB (2024),2024
CF_FIGHTER_TWO_EXTRA_ATTACKS,CLS_FIGHTER,,11,Two Extra Attacks,Attack three times when you take the Attack action.,,,,PHB (2024),2024
CF_FIGHTER_STUDIED_ATTACKS,CLS_FIGHTER,,13,Studied Attacks,Gain Advantage on next attack after a miss.,,,,PHB (2024),2024
CF_FIGHTER_EPIC_BOON,CLS_FIGHTER,,19,Epic Boon,Gain an Epic Boon feat or another feat.,,,,PHB (2024),2024
CF_FIGHTER_THREE_EXTRA_ATTACKS,CLS_FIGHTER,,20,Three Extra Attacks,Attack four times when you take the Attack action.,,,,PHB (2024),2024
CF_FIGHTER_CHAMPION_IMPROVED_CRITICAL,CLS_FIGHTER,SUB_FIGHTER_CHAMPION,3,Improved Critical,Critical hits on 19–20.,,,,PHB (2024),2024
CF_FIGHTER_CHAMPION_REMARKABLE_ATHLETE,CLS_FIGHTER,SUB_FIGHTER_CHAMPION,3,Remarkable Athlete,Advantage on Initiative and Athletics; move after crit.,,,,PHB (2024),2024
CF_FIGHTER_CHAMPION_ADDITIONAL_FIGHTING_STYLE,CLS_FIGHTER,SUB_FIGHTER_CHAMPION,7,Additional Fighting Style,Gain another Fighting Style feat.,,,,PHB (2024),2024
CF_FIGHTER_CHAMPION_HEROIC_WARRIOR,CLS_FIGHTER,SUB_FIGHTER_CHAMPION,10,Heroic Warrior,Gain Heroic Inspiration at start of turn in combat.,,,,PHB (2024),2024
CF_FIGHTER_CHAMPION_SUPERIOR_CRITICAL,CLS_FIGHTER,SUB_FIGHTER_CHAMPION,15,Superior Critical,Critical hits on 18–20.,,,,PHB (2024),2024
CF_FIGHTER_CHAMPION_SURVIVOR,CLS_FIGHTER,SUB_FIGHTER_CHAMPION,18,Survivor,Advantage on death saves; healing while Bloodied.,,,,PHB (2024),2024
CF_FIGHTER_BATTLEMASTER_COMBAT_SUPERIORITY,CLS_FIGHTER,SUB_FIGHTER_BATTLEMASTER,3,Combat Superiority,Learn maneuvers and use Superiority Dice to fuel them.,,,,PHB (2024),2024
CF_FIGHTER_BATTLEMASTER_STUDENT_OF_WAR,CLS_FIGHTER,SUB_FIGHTER_BATTLEMASTER,3,Student of War,Gain a tool proficiency and a skill proficiency.,,,,PHB (2024),2024
CF_FIGHTER_BATTLEMASTER_KNOW_YOUR_ENEMY,CLS_FIGHTER,SUB_FIGHTER_BATTLEMASTER,7,Know Your Enemy,Bonus Action to learn target immunities/resistances/vulnerabilities.,Bonus Action,,,PHB (2024),2024
CF_FIGHTER_BATTLEMASTER_IMPROVED_COMBAT_SUPERIORITY,CLS_FIGHTER,SUB_FIGHTER_BATTLEMASTER,10,Improved Combat Superiority,Superiority Dice become d10s.,,,,PHB (2024),2024
CF_FIGHTER_BATTLEMASTER_RELENTLESS,CLS_FIGHTER,SUB_FIGHTER_BATTLEMASTER,15,Relentless,Once per turn, roll 1d8 instead of expending a die.,,,,PHB (2024),2024
CF_FIGHTER_BATTLEMASTER_ULTIMATE_COMBAT_SUPERIORITY,CLS_FIGHTER,SUB_FIGHTER_BATTLEMASTER,18,Ultimate Combat Superiority,Superiority Dice become d12s.,,,,PHB (2024),2024
CF_FIGHTER_ELDRITCH_KNIGHT_SPELLCASTING,CLS_FIGHTER,SUB_FIGHTER_ELDRITCH_KNIGHT,3,Spellcasting,Eldritch Knight spellcasting progression.,,,,PHB (2024),2024
CF_FIGHTER_ELDRITCH_KNIGHT_WAR_BOND,CLS_FIGHTER,SUB_FIGHTER_ELDRITCH_KNIGHT,3,War Bond,Bond with weapons and summon one as a Bonus Action.,,,,PHB (2024),2024
CF_FIGHTER_ELDRITCH_KNIGHT_WAR_MAGIC,CLS_FIGHTER,SUB_FIGHTER_ELDRITCH_KNIGHT,7,War Magic,Replace an attack with a wizard cantrip.,,,,PHB (2024),2024
CF_FIGHTER_ELDRITCH_KNIGHT_ELDRITCH_STRIKE,CLS_FIGHTER,SUB_FIGHTER_ELDRITCH_KNIGHT,10,Eldritch Strike,Weapon hits impose Disadvantage on next save vs your spell.,,,,PHB (2024),2024
CF_FIGHTER_ELDRITCH_KNIGHT_ARCANE_CHARGE,CLS_FIGHTER,SUB_FIGHTER_ELDRITCH_KNIGHT,15,Arcane Charge,Teleport 30 feet when using Action Surge.,,,,PHB (2024),2024
CF_FIGHTER_ELDRITCH_KNIGHT_IMPROVED_WAR_MAGIC,CLS_FIGHTER,SUB_FIGHTER_ELDRITCH_KNIGHT,18,Improved War Magic,Replace two attacks with a level 1-2 wizard spell.,,,,PHB (2024),2024
CF_FIGHTER_PSI_WARRIOR_PSIONIC_POWER,CLS_FIGHTER,SUB_FIGHTER_PSI_WARRIOR,3,Psionic Power,Psionic Energy Dice fuel protective, strike, and movement powers.,,,,PHB (2024),2024
CF_FIGHTER_PSI_WARRIOR_TELEKINETIC_ADEPT,CLS_FIGHTER,SUB_FIGHTER_PSI_WARRIOR,7,Telekinetic Adept,Bonus Action leap and psionic thrust on strikes.,Bonus Action,,,PHB (2024),2024
CF_FIGHTER_PSI_WARRIOR_GUARDED_MIND,CLS_FIGHTER,SUB_FIGHTER_PSI_WARRIOR,10,Guarded Mind,Resistance to Psychic; end Charm/Frighten with a die.,,,,PHB (2024),2024
CF_FIGHTER_PSI_WARRIOR_BULWARK_OF_FORCE,CLS_FIGHTER,SUB_FIGHTER_PSI_WARRIOR,15,Bulwark of Force,Bonus Action grant Half Cover to allies.,Bonus Action,,,PHB (2024),2024
CF_FIGHTER_PSI_WARRIOR_TELEKINETIC_MASTER,CLS_FIGHTER,SUB_FIGHTER_PSI_WARRIOR,18,Telekinetic Master,Always have Telekinesis prepared; free cast and bonus attack.,,,,PHB (2024),2024
CF_RANGER_BEAST_MASTER_PRIMAL_COMPANION,CLS_RANGER,SUB_RANGER_BEAST_MASTER,3,Primal Companion,Summon and command a primal beast companion.,,,,PHB (2024),2024
CF_RANGER_BEAST_MASTER_EXCEPTIONAL_TRAINING,CLS_RANGER,SUB_RANGER_BEAST_MASTER,7,Exceptional Training,Command beast to Dash/Disengage/Dodge/Help; damage type options.,,,,PHB (2024),2024
CF_RANGER_BEAST_MASTER_BESTIAL_FURY,CLS_RANGER,SUB_RANGER_BEAST_MASTER,11,Bestial Fury,Beast's Strike can be used twice; extra damage vs Hunter's Mark.,,,,PHB (2024),2024
CF_RANGER_BEAST_MASTER_SHARE_SPELLS,CLS_RANGER,SUB_RANGER_BEAST_MASTER,15,Share Spells,Self-targeting spells can also affect your companion.,,,,PHB (2024),2024
CF_RANGER_FEY_WANDERER_DREADFUL_STRIKES,CLS_RANGER,SUB_RANGER_FEY_WANDERER,3,Dreadful Strikes,Extra psychic damage once per turn with weapons.,,,,PHB (2024),2024
CF_RANGER_FEY_WANDERER_FEY_WANDERER_SPELLS,CLS_RANGER,SUB_RANGER_FEY_WANDERER,3,Fey Wanderer Spells,Always prepared spells by level.,,,,PHB (2024),2024
CF_RANGER_FEY_WANDERER_OTHERWORLDLY_GLAMOUR,CLS_RANGER,SUB_RANGER_FEY_WANDERER,3,Otherworldly Glamour,Add Wis to Charisma checks; gain a social skill.,,,,PHB (2024),2024
CF_RANGER_FEY_WANDERER_BEGUILING_TWIST,CLS_RANGER,SUB_RANGER_FEY_WANDERER,7,Beguiling Twist,Advantage vs charm/fear; redirect them on saves.,Reaction,,,PHB (2024),2024
CF_RANGER_FEY_WANDERER_FEY_REINFORCEMENTS,CLS_RANGER,SUB_RANGER_FEY_WANDERER,11,Fey Reinforcements,Cast Summon Fey without material; free cast and no concentration option.,,,,PHB (2024),2024
CF_RANGER_FEY_WANDERER_MISTY_WANDERER,CLS_RANGER,SUB_RANGER_FEY_WANDERER,15,Misty Wanderer,Free Misty Step uses and bring an ally.,,,,PHB (2024),2024
CF_RANGER_GLOOM_STALKER_DREAD_AMBUSHER,CLS_RANGER,SUB_RANGER_GLOOM_STALKER,3,Dread Ambusher,Speed boost, psychic strike, and initiative bonus.,,,,PHB (2024),2024
CF_RANGER_GLOOM_STALKER_GLOOM_STALKER_SPELLS,CLS_RANGER,SUB_RANGER_GLOOM_STALKER,3,Gloom Stalker Spells,Always prepared spells by level.,,,,PHB (2024),2024
CF_RANGER_GLOOM_STALKER_UMBRAL_SIGHT,CLS_RANGER,SUB_RANGER_GLOOM_STALKER,3,Umbral Sight,Gain Darkvision and invisibility in darkness vs darkvision.,,,,PHB (2024),2024
CF_RANGER_GLOOM_STALKER_IRON_MIND,CLS_RANGER,SUB_RANGER_GLOOM_STALKER,7,Iron Mind,Gain proficiency in Wisdom saves (or Int/Cha).,,,,PHB (2024),2024
CF_RANGER_GLOOM_STALKER_STALKERS_FLURRY,CLS_RANGER,SUB_RANGER_GLOOM_STALKER,11,Stalker's Flurry,Upgraded Dreadful Strike with added effects.,,,,PHB (2024),2024
CF_RANGER_GLOOM_STALKER_SHADOWY_DODGE,CLS_RANGER,SUB_RANGER_GLOOM_STALKER,15,Shadowy Dodge,Reaction to impose disadvantage and teleport.,Reaction,,,PHB (2024),2024
CF_RANGER_HUNTER_HUNTERS_LORE,CLS_RANGER,SUB_RANGER_HUNTER,3,Hunter's Lore,Learn immunities/resistances/vulnerabilities of marked prey.,,,,PHB (2024),2024
CF_RANGER_HUNTER_HUNTERS_PREY,CLS_RANGER,SUB_RANGER_HUNTER,3,Hunter's Prey,Choose Colossus Slayer or Horde Breaker.,,,,PHB (2024),2024
CF_RANGER_HUNTER_DEFENSIVE_TACTICS,CLS_RANGER,SUB_RANGER_HUNTER,7,Defensive Tactics,Choose Escape the Horde or Multiattack Defense.,,,,PHB (2024),2024
CF_RANGER_HUNTER_SUPERIOR_HUNTERS_PREY,CLS_RANGER,SUB_RANGER_HUNTER,11,Superior Hunter's Prey,Bonus Hunter's Mark damage to a second target.,,,,PHB (2024),2024
CF_RANGER_HUNTER_SUPERIOR_HUNTERS_DEFENSE,CLS_RANGER,SUB_RANGER_HUNTER,15,Superior Hunter's Defense,Reaction to gain resistance to damage taken.,Reaction,,,PHB (2024),2024
CF_MONK_MARTIAL_ARTS,CLS_MONK,,1,Martial Arts,Bonus Unarmed Strike and Martial Arts die scaling.,,,,PHB (2024),2024
CF_MONK_UNARMORED_DEFENSE,CLS_MONK,,1,Unarmored Defense,AC equals 10 plus Dex and Wis modifiers while unarmored.,,,,PHB (2024),2024
CF_MONK_MONKS_FOCUS,CLS_MONK,,2,Monk's Focus,Focus points fuel Flurry/Patient Defense/Step of the Wind.,,,,PHB (2024),2024
CF_MONK_UNARMORED_MOVEMENT,CLS_MONK,,2,Unarmored Movement,Speed bonus while unarmored; increases by level.,,,,PHB (2024),2024
CF_MONK_UNCANNY_METABOLISM,CLS_MONK,,2,Uncanny Metabolism,Regain Focus Points on initiative (1/long rest).,,,,PHB (2024),2024
CF_MONK_DEFLECT_ATTACKS,CLS_MONK,,3,Deflect Attacks,Reaction to reduce damage; can redirect with Focus.,Reaction,,,PHB (2024),2024
CF_MONK_SUBCLASS,CLS_MONK,,3,Monk Subclass,Choose a Monk subclass.,,,,PHB (2024),2024
CF_MONK_ASI,CLS_MONK,,4,Ability Score Improvement,Gain ASI or feat (levels 4,8,12,16).,,,,PHB (2024),2024
CF_MONK_SLOW_FALL,CLS_MONK,,4,Slow Fall,Reaction to reduce falling damage.,Reaction,,,PHB (2024),2024
CF_MONK_EXTRA_ATTACK,CLS_MONK,,5,Extra Attack,Attack twice when you take the Attack action.,,,,PHB (2024),2024
CF_MONK_STUNNING_STRIKE,CLS_MONK,,5,Stunning Strike,Spend Focus to stun or slow a target.,,,,PHB (2024),2024
CF_MONK_EMPOWERED_STRIKES,CLS_MONK,,6,Empowered Strikes,Unarmed Strikes deal force or normal damage.,,,,PHB (2024),2024
CF_MONK_EVASION,CLS_MONK,,7,Evasion,No damage on save success; half on fail.,,,,PHB (2024),2024
CF_MONK_ACROBATIC_MOVEMENT,CLS_MONK,,9,Acrobatic Movement,Move across vertical surfaces and liquids.,,,,PHB (2024),2024
CF_MONK_HEIGHTENED_FOCUS,CLS_MONK,,10,Heightened Focus,Improved Flurry/Patient Defense/Step of the Wind.,,,,PHB (2024),2024
CF_MONK_SELF_RESTORATION,CLS_MONK,,10,Self-Restoration,End Charmed/Frightened/Poisoned; no exhaustion from fasting.,,,,PHB (2024),2024
CF_MONK_DEFLECT_ENERGY,CLS_MONK,,13,Deflect Energy,Deflect Attacks works on any damage type.,,,,PHB (2024),2024
CF_MONK_DISCIPLINED_SURVIVOR,CLS_MONK,,14,Disciplined Survivor,Proficiency in all saves; spend Focus to reroll.,,,,PHB (2024),2024
CF_MONK_PERFECT_FOCUS,CLS_MONK,,15,Perfect Focus,Regain Focus Points on initiative if low.,,,,PHB (2024),2024
CF_MONK_SUPERIOR_DEFENSE,CLS_MONK,,18,Superior Defense,Spend Focus for resistance to most damage.,,,,PHB (2024),2024
CF_MONK_EPIC_BOON,CLS_MONK,,19,Epic Boon,Gain an Epic Boon feat or another feat.,,,,PHB (2024),2024
CF_MONK_BODY_AND_MIND,CLS_MONK,,20,Body and Mind,Dexterity and Wisdom increase by 4 (max 25).,,,,PHB (2024),2024
CF_MONK_OPEN_HAND_TECHNIQUE,CLS_MONK,SUB_MONK_OPEN_HAND,3,Open Hand Technique,Impose Addle/Push/Topple on Flurry hit.,,,,PHB (2024),2024
CF_MONK_OPEN_HAND_WHOLENESS,CLS_MONK,SUB_MONK_OPEN_HAND,6,Wholeness of Body,Bonus action heal with Martial Arts die.,Bonus Action,"Wis mod",Long Rest,PHB (2024),2024
CF_MONK_OPEN_HAND_FLEET_STEP,CLS_MONK,SUB_MONK_OPEN_HAND,11,Fleet Step,Use Step of the Wind after another Bonus Action.,,,,PHB (2024),2024
CF_MONK_OPEN_HAND_QUIVERING_PALM,CLS_MONK,SUB_MONK_OPEN_HAND,17,Quivering Palm,Spend Focus to set lethal vibrations; later burst.,,,,PHB (2024),2024
CF_MONK_MERCY_HAND_OF_HARM,CLS_MONK,SUB_MONK_MERCY,3,Hand of Harm,Spend Focus to deal extra necrotic damage on a hit.,,,,PHB (2024),2024
CF_MONK_MERCY_HAND_OF_HEALING,CLS_MONK,SUB_MONK_MERCY,3,Hand of Healing,Magic action heal; can replace Flurry strike.,Magic Action,,,PHB (2024),2024
CF_MONK_MERCY_IMPLEMENTS_OF_MERCY,CLS_MONK,SUB_MONK_MERCY,3,Implements of Mercy,Gain Insight/Medicine and herbalism kit proficiency.,,,,PHB (2024),2024
CF_MONK_MERCY_PHYSICIANS_TOUCH,CLS_MONK,SUB_MONK_MERCY,6,Physician's Touch,Hand of Harm poisons; Hand of Healing cures conditions.,,,,PHB (2024),2024
CF_MONK_MERCY_FLURRY_OF_HEALING_AND_HARM,CLS_MONK,SUB_MONK_MERCY,11,Flurry of Healing and Harm,Free Hand of Healing/Harm uses with limits.,,,,PHB (2024),2024
CF_MONK_MERCY_HAND_OF_ULTIMATE_MERCY,CLS_MONK,SUB_MONK_MERCY,17,Hand of Ultimate Mercy,Magic action to revive a dead creature with Focus.,Magic Action,,,PHB (2024),2024
CF_MONK_SHADOW_SHADOW_ARTS,CLS_MONK,SUB_MONK_SHADOW,3,Shadow Arts,Gain Darkness, Darkvision, and Minor Illusion options.,,,,PHB (2024),2024
CF_MONK_SHADOW_SHADOW_STEP,CLS_MONK,SUB_MONK_SHADOW,6,Shadow Step,Bonus Action teleport between dim light/darkness.,Bonus Action,,,PHB (2024),2024
CF_MONK_SHADOW_IMPROVED_SHADOW_STEP,CLS_MONK,SUB_MONK_SHADOW,11,Improved Shadow Step,Spend Focus to teleport without light limits.,Bonus Action,,,PHB (2024),2024
CF_MONK_SHADOW_CLOAK_OF_SHADOWS,CLS_MONK,SUB_MONK_SHADOW,17,Cloak of Shadows,Magic action to gain invisibility and shadow benefits.,Magic Action,,,PHB (2024),2024
CF_MONK_ELEMENTS_ELEMENTAL_ATTUNEMENT,CLS_MONK,SUB_MONK_ELEMENTS,3,Elemental Attunement,Spend Focus for reach and elemental strike effects.,,,,PHB (2024),2024
CF_MONK_ELEMENTS_MANIPULATE_ELEMENTS,CLS_MONK,SUB_MONK_ELEMENTS,3,Manipulate Elements,Learn Elementalism cantrip (Wisdom).,,,,PHB (2024),2024
CF_MONK_ELEMENTS_ELEMENTAL_BURST,CLS_MONK,SUB_MONK_ELEMENTS,6,Elemental Burst,Magic action to deal elemental damage in an area.,Magic Action,,,PHB (2024),2024
CF_MONK_ELEMENTS_STRIDE_OF_THE_ELEMENTS,CLS_MONK,SUB_MONK_ELEMENTS,11,Stride of the Elements,Fly and swim speeds while attuned.,,,,PHB (2024),2024
CF_MONK_ELEMENTS_ELEMENTAL_EPITOME,CLS_MONK,SUB_MONK_ELEMENTS,17,Elemental Epitome,Resistance and empowered stride/strikes while attuned.,,,,PHB (2024),2024
CF_PALADIN_LAY_ON_HANDS,CLS_PALADIN,,1,Lay On Hands,Pool heals 5 x paladin level; remove Poisoned.,Bonus Action,,,PHB (2024),2024
CF_PALADIN_SPELLCASTING,CLS_PALADIN,,1,Spellcasting,Paladin spellcasting and prepared spells.,,,,PHB (2024),2024
CF_PALADIN_WEAPON_MASTERY,CLS_PALADIN,,1,Weapon Mastery,Use mastery properties of two weapons of choice.,,,,PHB (2024),2024
CF_PALADIN_FIGHTING_STYLE,CLS_PALADIN,,2,Fighting Style,Gain a Fighting Style feat or Blessed Warrior option.,,,,PHB (2024),2024
CF_PALADIN_SMITE,CLS_PALADIN,,2,Paladin's Smite,Always have Divine Smite prepared; free cast 1/long rest.,,,,PHB (2024),2024
CF_PALADIN_CHANNEL_DIVINITY,CLS_PALADIN,,3,Channel Divinity,Divine Sense and other options; uses scale.,,,,PHB (2024),2024
CF_PALADIN_SUBCLASS,CLS_PALADIN,,3,Paladin Subclass,Choose a Paladin subclass.,,,,PHB (2024),2024
CF_PALADIN_ASI,CLS_PALADIN,,4,Ability Score Improvement,Gain ASI or feat (levels 4,8,12,16).,,,,PHB (2024),2024
CF_PALADIN_EXTRA_ATTACK,CLS_PALADIN,,5,Extra Attack,Attack twice when you take the Attack action.,,,,PHB (2024),2024
CF_PALADIN_FAITHFUL_STEED,CLS_PALADIN,,5,Faithful Steed,Always have Find Steed prepared; free cast 1/long rest.,,,,PHB (2024),2024
CF_PALADIN_AURA_OF_PROTECTION,CLS_PALADIN,,6,Aura of Protection,Allies gain bonus to saves in 10-foot emanation.,,,,PHB (2024),2024
CF_PALADIN_ABJURE_FOES,CLS_PALADIN,,9,Abjure Foes,Channel Divinity to frighten multiple foes.,Magic Action,,,PHB (2024),2024
CF_PALADIN_AURA_OF_COURAGE,CLS_PALADIN,,10,Aura of Courage,Allies immune to Frightened in Aura of Protection.,,,,PHB (2024),2024
CF_PALADIN_RADIANT_STRIKES,CLS_PALADIN,,11,Radiant Strikes,Extra 1d8 Radiant damage on melee hit.,,,,PHB (2024),2024
CF_PALADIN_RESTORING_TOUCH,CLS_PALADIN,,14,Restoring Touch,Remove conditions via Lay On Hands (5 HP each).,,,,PHB (2024),2024
CF_PALADIN_AURA_EXPANSION,CLS_PALADIN,,18,Aura Expansion,Aura of Protection expands to 30-foot emanation.,,,,PHB (2024),2024
CF_PALADIN_EPIC_BOON,CLS_PALADIN,,19,Epic Boon,Gain an Epic Boon feat or another feat.,,,,PHB (2024),2024
CF_PALADIN_DEVOTION_SACRED_WEAPON,CLS_PALADIN,SUB_PALADIN_DEVOTION,3,Sacred Weapon,Channel Divinity to add Cha to attack; radiant option.,,,,PHB (2024),2024
CF_PALADIN_DEVOTION_AURA_OF_DEVOTION,CLS_PALADIN,SUB_PALADIN_DEVOTION,7,Aura of Devotion,Allies immune to Charmed in Aura of Protection.,,,,PHB (2024),2024
CF_PALADIN_DEVOTION_SMITE_OF_PROTECTION,CLS_PALADIN,SUB_PALADIN_DEVOTION,15,Smite of Protection,Divine Smite grants allies Half Cover in aura.,,,,PHB (2024),2024
CF_PALADIN_DEVOTION_HOLY_NIMBUS,CLS_PALADIN,SUB_PALADIN_DEVOTION,20,Holy Nimbus,Activate holy aura with warding and damage.,Bonus Action,,,PHB (2024),2024
CF_PALADIN_GLORY_INSPIRING_SMITE,CLS_PALADIN,SUB_PALADIN_GLORY,3,Inspiring Smite,Channel Divinity to grant Temp HP after Divine Smite.,,,,PHB (2024),2024
CF_PALADIN_GLORY_PEERLESS_ATHLETE,CLS_PALADIN,SUB_PALADIN_GLORY,3,Peerless Athlete,Channel Divinity to boost Athletics/Acrobatics and jumps.,Bonus Action,,,PHB (2024),2024
CF_PALADIN_GLORY_AURA_OF_ALACRITY,CLS_PALADIN,SUB_PALADIN_GLORY,7,Aura of Alacrity,Speed +10; allies gain +10 when in Aura of Protection.,,,,PHB (2024),2024
CF_PALADIN_GLORY_GLORIOUS_DEFENSE,CLS_PALADIN,SUB_PALADIN_GLORY,15,Glorious Defense,Reaction to boost AC and counterattack if it misses.,Reaction,,,PHB (2024),2024
CF_PALADIN_GLORY_LIVING_LEGEND,CLS_PALADIN,SUB_PALADIN_GLORY,20,Living Legend,Empower yourself with heroic legend benefits.,Bonus Action,,,PHB (2024),2024
CF_PALADIN_ANCIENTS_NATURES_WRATH,CLS_PALADIN,SUB_PALADIN_ANCIENTS,3,Nature's Wrath,Channel Divinity to restrain foes with spectral vines.,Magic Action,,,PHB (2024),2024
CF_PALADIN_ANCIENTS_AURA_OF_WARDING,CLS_PALADIN,SUB_PALADIN_ANCIENTS,7,Aura of Warding,Allies resist Necrotic, Psychic, and Radiant in aura.,,,,PHB (2024),2024
CF_PALADIN_ANCIENTS_UNDYING_SENTINEL,CLS_PALADIN,SUB_PALADIN_ANCIENTS,15,Undying Sentinel,Drop to 1 HP instead of 0 and heal; no magical aging.,,,,PHB (2024),2024
CF_PALADIN_ANCIENTS_ELDER_CHAMPION,CLS_PALADIN,SUB_PALADIN_ANCIENTS,20,Elder Champion,Primal aura grants debuff, regen, and swift spells.,Bonus Action,,,PHB (2024),2024
CF_PALADIN_VENGEANCE_VOW_OF_ENMITY,CLS_PALADIN,SUB_PALADIN_VENGEANCE,3,Vow of Enmity,Channel Divinity to gain advantage vs a foe.,,,,PHB (2024),2024
CF_PALADIN_VENGEANCE_RELENTLESS_AVENGER,CLS_PALADIN,SUB_PALADIN_VENGEANCE,7,Relentless Avenger,Opportunity attack can halt foe and move half speed.,,,,PHB (2024),2024
CF_PALADIN_VENGEANCE_SOUL_OF_VENGEANCE,CLS_PALADIN,SUB_PALADIN_VENGEANCE,15,Soul of Vengeance,Reaction attack after target of Vow attacks.,Reaction,,,PHB (2024),2024
CF_PALADIN_VENGEANCE_AVENGING_ANGEL,CLS_PALADIN,SUB_PALADIN_VENGEANCE,20,Avenging Angel,Gain flight and frightful aura.,Bonus Action,,,PHB (2024),2024
CF_RANGER_SPELLCASTING,CLS_RANGER,,1,Spellcasting,Ranger spellcasting and prepared spells.,,,,PHB (2024),2024
CF_RANGER_FAVORED_ENEMY,CLS_RANGER,,1,Favored Enemy,Hunter's Mark prepared; free casts scale by level.,,,,PHB (2024),2024
CF_RANGER_WEAPON_MASTERY,CLS_RANGER,,1,Weapon Mastery,Use mastery properties of two weapons of choice.,,,,PHB (2024),2024
CF_RANGER_DEFT_EXPLORER,CLS_RANGER,,2,Deft Explorer,Gain Expertise in one skill and two languages.,,,,PHB (2024),2024
CF_RANGER_FIGHTING_STYLE,CLS_RANGER,,2,Fighting Style,Gain Fighting Style feat or Druidic Warrior option.,,,,PHB (2024),2024
CF_RANGER_SUBCLASS,CLS_RANGER,,3,Ranger Subclass,Choose a Ranger subclass.,,,,PHB (2024),2024
CF_RANGER_ASI,CLS_RANGER,,4,Ability Score Improvement,Gain ASI or feat (levels 4,8,12,16).,,,,PHB (2024),2024
CF_RANGER_EXTRA_ATTACK,CLS_RANGER,,5,Extra Attack,Attack twice when you take the Attack action.,,,,PHB (2024),2024
CF_RANGER_ROVING,CLS_RANGER,,6,Roving,Speed +10; gain climb and swim speeds.,,,,PHB (2024),2024
CF_RANGER_EXPERTISE,CLS_RANGER,,9,Expertise,Gain Expertise in two skills you lack it in.,,,,PHB (2024),2024
CF_RANGER_TIRELESS,CLS_RANGER,,10,Tireless,Gain temp HP; reduce exhaustion on short rest.,Magic Action,"Wis mod",Long Rest,PHB (2024),2024
CF_RANGER_RELENTLESS_HUNTER,CLS_RANGER,,13,Relentless Hunter,Damage can't break concentration on Hunter's Mark.,,,,PHB (2024),2024
CF_RANGER_NATURES_VEIL,CLS_RANGER,,14,Nature's Veil,Bonus action to become Invisible until next turn.,Bonus Action,"Wis mod",Long Rest,PHB (2024),2024
CF_RANGER_PRECISE_HUNTER,CLS_RANGER,,17,Precise Hunter,Advantage on attacks vs Hunter's Marked target.,,,,PHB (2024),2024
CF_RANGER_FERAL_SENSES,CLS_RANGER,,18,Feral Senses,Blindsight 30 feet.,,,,PHB (2024),2024
CF_RANGER_EPIC_BOON,CLS_RANGER,,19,Epic Boon,Gain an Epic Boon feat or another feat.,,,,PHB (2024),2024
CF_RANGER_FOE_SLAYER,CLS_RANGER,,20,Foe Slayer,Hunter's Mark damage die becomes d10.,,,,PHB (2024),2024
CF_RANGER_HUNTER_LORE,CLS_RANGER,SUB_RANGER_HUNTER,3,Hunter's Lore,Learn immunities/resistances/vulnerabilities of marked target.,,,,PHB (2024),2024
CF_RANGER_HUNTERS_PREY,CLS_RANGER,SUB_RANGER_HUNTER,3,Hunter's Prey,Choose Colossus Slayer or Horde Breaker.,,,,PHB (2024),2024
CF_RANGER_DEFENSIVE_TACTICS,CLS_RANGER,SUB_RANGER_HUNTER,7,Defensive Tactics,Choose a defensive option; swap on rest.,,,,PHB (2024),2024
CF_RANGER_SUPERIOR_HUNTERS_PREY,CLS_RANGER,SUB_RANGER_HUNTER,11,Superior Hunter's Prey,Extra Hunter's Mark damage to another target.,,,,PHB (2024),2024
CF_RANGER_SUPERIOR_HUNTERS_DEFENSE,CLS_RANGER,SUB_RANGER_HUNTER,15,Superior Hunter's Defense,Reaction to gain resistance to damage type.,Reaction,,,PHB (2024),2024
CF_ROGUE_EXPERTISE,CLS_ROGUE,,1,Expertise,Double proficiency on two chosen skills.,,,,PHB (2024),2024
CF_ROGUE_SNEAK_ATTACK,CLS_ROGUE,,1,Sneak Attack,Extra damage once per turn with finesse or ranged attack.,,,,PHB (2024),2024
CF_ROGUE_THIEVES_CANT,CLS_ROGUE,,1,Thieves' Cant,Learn thieves' cant and one other language.,,,,PHB (2024),2024
CF_ROGUE_WEAPON_MASTERY,CLS_ROGUE,,1,Weapon Mastery,Use mastery properties of two weapons.,,,,PHB (2024),2024
CF_ROGUE_CUNNING_ACTION,CLS_ROGUE,,2,Cunning Action,Bonus Action to Dash Disengage or Hide.,Bonus Action,,,PHB (2024),2024
CF_ROGUE_SUBCLASS,CLS_ROGUE,,3,Rogue Subclass,Choose a Rogue subclass.,,,,PHB (2024),2024
CF_ROGUE_STEADY_AIM,CLS_ROGUE,,3,Steady Aim,Bonus Action to gain Advantage with no movement.,Bonus Action,,,PHB (2024),2024
CF_ROGUE_ABILITY_SCORE_IMPROVEMENT,CLS_ROGUE,,4,Ability Score Improvement,Gain ASI or feat (levels 4,8,10,12,16).,,,,PHB (2024),2024
CF_ROGUE_CUNNING_STRIKE,CLS_ROGUE,,5,Cunning Strike,Spend Sneak Attack dice for added effects.,,,,PHB (2024),2024
CF_ROGUE_UNCANNY_DODGE,CLS_ROGUE,,5,Uncanny Dodge,Reaction to halve damage from a hit.,Reaction,,,PHB (2024),2024
CF_ROGUE_EXPERTISE_2,CLS_ROGUE,,6,Expertise,Gain Expertise in two more skills.,,,,PHB (2024),2024
CF_ROGUE_EVASION,CLS_ROGUE,,7,Evasion,Take no damage on successful Dexterity saves.,,,,PHB (2024),2024
CF_ROGUE_RELIABLE_TALENT,CLS_ROGUE,,7,Reliable Talent,Treat d20 rolls of 9 or lower as 10 on proficient checks.,,,,PHB (2024),2024
CF_ROGUE_IMPROVED_CUNNING_STRIKE,CLS_ROGUE,,11,Improved Cunning Strike,Use up to two Cunning Strike effects.,,,,PHB (2024),2024
CF_ROGUE_DEVIOUS_STRIKES,CLS_ROGUE,,14,Devious Strikes,Adds Daze Knock Out or Obscure options.,,,,PHB (2024),2024
CF_ROGUE_SLIPPERY_MIND,CLS_ROGUE,,15,Slippery Mind,Gain proficiency in Wisdom and Charisma saves.,,,,PHB (2024),2024
CF_ROGUE_ELUSIVE,CLS_ROGUE,,18,Elusive,Attackers cannot gain Advantage against you.,,,,PHB (2024),2024
CF_ROGUE_EPIC_BOON,CLS_ROGUE,,19,Epic Boon,Gain an Epic Boon feat.,,,,PHB (2024),2024
CF_ROGUE_STROKE_OF_LUCK,CLS_ROGUE,,20,Stroke of Luck,Turn a failed d20 test into a 20 once per rest.,,,,PHB (2024),2024
CF_ROGUE_THIEF_FAST_HANDS,CLS_ROGUE,SUB_ROGUE_THIEF,3,Fast Hands,Bonus Action Sleight of Hand or Use an Object.,Bonus Action,,,PHB (2024),2024
CF_ROGUE_THIEF_SECOND_STORY_WORK,CLS_ROGUE,SUB_ROGUE_THIEF,3,Second-Story Work,Gain climb speed and dex based jumping.,,,,PHB (2024),2024
CF_ROGUE_THIEF_SUPREME_SNEAK,CLS_ROGUE,SUB_ROGUE_THIEF,9,Supreme Sneak,Stealth Attack option keeps invisibility.,,,,PHB (2024),2024
CF_ROGUE_THIEF_USE_MAGIC_DEVICE,CLS_ROGUE,SUB_ROGUE_THIEF,13,Use Magic Device,Attune extra items and use scrolls.,,,,PHB (2024),2024
CF_ROGUE_THIEF_REFLEXES,CLS_ROGUE,SUB_ROGUE_THIEF,17,Thief's Reflexes,Take two turns in the first round.,,,,PHB (2024),2024
CF_ROGUE_ARCANE_TRICKSTER_SPELLCASTING,CLS_ROGUE,SUB_ROGUE_ARCANE_TRICKSTER,3,Spellcasting,Arcane Trickster spellcasting progression.,,,,PHB (2024),2024
CF_ROGUE_ARCANE_TRICKSTER_MAGE_HAND_LEGERDEMAIN,CLS_ROGUE,SUB_ROGUE_ARCANE_TRICKSTER,3,Mage Hand Legerdemain,Bonus Action Mage Hand and invisible hand tricks.,Bonus Action,,,PHB (2024),2024
CF_ROGUE_ARCANE_TRICKSTER_MAGICAL_AMBUSH,CLS_ROGUE,SUB_ROGUE_ARCANE_TRICKSTER,9,Magical Ambush,Invisible casting imposes disadvantage on saves.,,,,PHB (2024),2024
CF_ROGUE_ARCANE_TRICKSTER_VERSATILE_TRICKSTER,CLS_ROGUE,SUB_ROGUE_ARCANE_TRICKSTER,13,Versatile Trickster,Trip with Cunning Strike can target another creature.,,,,PHB (2024),2024
CF_ROGUE_ARCANE_TRICKSTER_SPELL_THIEF,CLS_ROGUE,SUB_ROGUE_ARCANE_TRICKSTER,17,Spell Thief,Reaction to negate and steal a spell temporarily.,Reaction,,,PHB (2024),2024
CF_ROGUE_ASSASSIN_ASSASSINATE,CLS_ROGUE,SUB_ROGUE_ASSASSIN,3,Assassinate,Advantage on initiative and surprise strike damage.,,,,PHB (2024),2024
CF_ROGUE_ASSASSIN_ASSASSINS_TOOLS,CLS_ROGUE,SUB_ROGUE_ASSASSIN,3,Assassin's Tools,Gain Disguise Kit and Poisoner's Kit proficiency.,,,,PHB (2024),2024
CF_ROGUE_ASSASSIN_INFILTRATION_EXPERTISE,CLS_ROGUE,SUB_ROGUE_ASSASSIN,9,Infiltration Expertise,Masterful Mimicry and Steady Aim mobility.,,,,PHB (2024),2024
CF_ROGUE_ASSASSIN_ENVENOM_WEAPONS,CLS_ROGUE,SUB_ROGUE_ASSASSIN,13,Envenom Weapons,Poison Cunning Strike adds extra damage, ignores resistance.,,,,PHB (2024),2024
CF_ROGUE_ASSASSIN_DEATH_STRIKE,CLS_ROGUE,SUB_ROGUE_ASSASSIN,17,Death Strike,Failed save doubles Sneak Attack damage in round 1.,,,,PHB (2024),2024
CF_ROGUE_SOULKNIFE_PSIONIC_POWER,CLS_ROGUE,SUB_ROGUE_SOULKNIFE,3,Psionic Power,Psionic Energy Dice fuel knack and telepathy.,,,,PHB (2024),2024
CF_ROGUE_SOULKNIFE_PSYCHIC_BLADES,CLS_ROGUE,SUB_ROGUE_SOULKNIFE,3,Psychic Blades,Manifest psychic blades for attacks and bonus attack.,,,,PHB (2024),2024
CF_ROGUE_SOULKNIFE_SOUL_BLADES,CLS_ROGUE,SUB_ROGUE_SOULKNIFE,9,Soul Blades,Homing Strikes and Psychic Teleportation.,,,,PHB (2024),2024
CF_ROGUE_SOULKNIFE_PSYCHIC_VEIL,CLS_ROGUE,SUB_ROGUE_SOULKNIFE,13,Psychic Veil,Magic action to become invisible for 1 hour.,Magic Action,,,PHB (2024),2024
CF_ROGUE_SOULKNIFE_REND_MIND,CLS_ROGUE,SUB_ROGUE_SOULKNIFE,17,Rend Mind,Stun target after Sneak Attack with Psychic Blades.,,,,PHB (2024),2024
CF_SORCERER_SPELLCASTING,CLS_SORCERER,,1,Spellcasting,Innate spellcasting using Sorcerer spells.,,,,PHB (2024),2024
CF_SORCERER_INNATE_SORCERY,CLS_SORCERER,,1,Innate Sorcery,Bonus Action surge to boost spell DC and attacks.,Bonus Action,,,PHB (2024),2024
CF_SORCERER_FONT_OF_MAGIC,CLS_SORCERER,,2,Font of Magic,Sorcery Points for slots and effects.,,,,PHB (2024),2024
CF_SORCERER_METAMAGIC,CLS_SORCERER,,2,Metamagic,Choose two options; gain more at 10 and 17.,,,,PHB (2024),2024
CF_SORCERER_SUBCLASS,CLS_SORCERER,,3,Sorcerer Subclass,Choose a Sorcerer subclass.,,,,PHB (2024),2024
CF_SORCERER_ASI,CLS_SORCERER,,4,Ability Score Improvement,Gain ASI or feat (levels 4,8,12,16).,,,,PHB (2024),2024
CF_SORCERER_RESTORATION,CLS_SORCERER,,5,Sorcerous Restoration,Recover Sorcery Points on a Short Rest.,,,,PHB (2024),2024
CF_SORCERER_INCARNATE,CLS_SORCERER,,7,Sorcery Incarnate,Spend points to use Innate Sorcery and double Metamagic.,,,,PHB (2024),2024
CF_SORCERER_EPIC_BOON,CLS_SORCERER,,19,Epic Boon,Gain an Epic Boon feat.,,,,PHB (2024),2024
CF_SORCERER_ARCANE_APOTHEOSIS,CLS_SORCERER,,20,Arcane Apotheosis,Free Metamagic while Innate Sorcery is active.,,,,PHB (2024),2024
CF_SORCERER_DRACONIC_RESILIENCE,CLS_SORCERER,SUB_SORCERER_DRACONIC,3,Draconic Resilience,Bonus HP and AC from draconic scales.,,,,PHB (2024),2024
CF_SORCERER_DRACONIC_SPELLS,CLS_SORCERER,SUB_SORCERER_DRACONIC,3,Draconic Spells,Always have draconic spells prepared by level.,,,,PHB (2024),2024
CF_SORCERER_ELEMENTAL_AFFINITY,CLS_SORCERER,SUB_SORCERER_DRACONIC,6,Elemental Affinity,Gain resistance and add Charisma to damage.,,,,PHB (2024),2024
CF_SORCERER_DRAGON_WINGS,CLS_SORCERER,SUB_SORCERER_DRACONIC,14,Dragon Wings,Bonus Action to sprout wings and fly.,Bonus Action,,,PHB (2024),2024
CF_SORCERER_DRAGON_COMPANION,CLS_SORCERER,SUB_SORCERER_DRACONIC,18,Dragon Companion,Summon Dragon without components and slot once per day.,,,,PHB (2024),2024
CF_SORCERER_ABERRANT_PSIONIC_SPELLS,CLS_SORCERER,SUB_SORCERER_ABERRANT,3,Psionic Spells,Always prepared psionic spells by level.,,,,PHB (2024),2024
CF_SORCERER_ABERRANT_TELEPATHIC_SPEECH,CLS_SORCERER,SUB_SORCERER_ABERRANT,3,Telepathic Speech,Bonus Action telepathic link with a creature.,Bonus Action,,,PHB (2024),2024
CF_SORCERER_ABERRANT_PSIONIC_SORCERY,CLS_SORCERER,SUB_SORCERER_ABERRANT,6,Psionic Sorcery,Cast psionic spells with Sorcery Points and no components.,,,,PHB (2024),2024
CF_SORCERER_ABERRANT_PSYCHIC_DEFENSES,CLS_SORCERER,SUB_SORCERER_ABERRANT,6,Psychic Defenses,Resistance to psychic and advantage vs charm/fear.,,,,PHB (2024),2024
CF_SORCERER_ABERRANT_REVELATION_IN_FLESH,CLS_SORCERER,SUB_SORCERER_ABERRANT,14,Revelation in Flesh,Bonus Action body alteration with Sorcery Points.,Bonus Action,,,PHB (2024),2024
CF_SORCERER_ABERRANT_WARPING_IMPLOSION,CLS_SORCERER,SUB_SORCERER_ABERRANT,18,Warping Implosion,Magic action teleport and pull nearby creatures.,Magic Action,,,PHB (2024),2024
CF_SORCERER_CLOCKWORK_CLOCKWORK_SPELLS,CLS_SORCERER,SUB_SORCERER_CLOCKWORK,3,Clockwork Spells,Always prepared clockwork spells by level.,,,,PHB (2024),2024
CF_SORCERER_CLOCKWORK_RESTORE_BALANCE,CLS_SORCERER,SUB_SORCERER_CLOCKWORK,3,Restore Balance,Reaction to cancel advantage or disadvantage on a roll.,Reaction,,,PHB (2024),2024
CF_SORCERER_CLOCKWORK_BASTION_OF_LAW,CLS_SORCERER,SUB_SORCERER_CLOCKWORK,6,Bastion of Law,Magic action ward that reduces damage.,Magic Action,,,PHB (2024),2024
CF_SORCERER_CLOCKWORK_TRANCE_OF_ORDER,CLS_SORCERER,SUB_SORCERER_CLOCKWORK,14,Trance of Order,Bonus Action to prevent advantage vs you and stabilize rolls.,Bonus Action,,,PHB (2024),2024
CF_SORCERER_CLOCKWORK_CAVALCADE,CLS_SORCERER,SUB_SORCERER_CLOCKWORK,18,Clockwork Cavalcade,Magic action to heal, repair, and dispel in a cube.,Magic Action,,,PHB (2024),2024
CF_SORCERER_WILD_MAGIC_SURGE,CLS_SORCERER,SUB_SORCERER_WILD_MAGIC,3,Wild Magic Surge,Chance to trigger a wild surge after spells.,,,,PHB (2024),2024
CF_SORCERER_WILD_TIDES_OF_CHAOS,CLS_SORCERER,SUB_SORCERER_WILD_MAGIC,3,Tides of Chaos,Gain advantage on a d20 test; recharges on surge.,,,,PHB (2024),2024
CF_SORCERER_WILD_BEND_LUCK,CLS_SORCERER,SUB_SORCERER_WILD_MAGIC,6,Bend Luck,Reaction to add or subtract 1d4 on a d20 test.,Reaction,,,PHB (2024),2024
CF_SORCERER_WILD_CONTROLLED_CHAOS,CLS_SORCERER,SUB_SORCERER_WILD_MAGIC,14,Controlled Chaos,Roll twice on the Wild Magic Surge table.,,,,PHB (2024),2024
CF_SORCERER_WILD_TAMED_SURGE,CLS_SORCERER,SUB_SORCERER_WILD_MAGIC,18,Tamed Surge,Choose a Wild Magic Surge effect after casting.,,,,PHB (2024),2024
CF_WARLOCK_ELDRITCH_INVOCATIONS,CLS_WARLOCK,,1,Eldritch Invocations,Gain invocations; more as you level.,,,,PHB (2024),2024
CF_WARLOCK_PACT_MAGIC,CLS_WARLOCK,,1,Pact Magic,Pact spellcasting with scaling slots.,,,,PHB (2024),2024
CF_WARLOCK_MAGICAL_CUNNING,CLS_WARLOCK,,2,Magical Cunning,Ritual to regain some Pact Magic slots.,,,,PHB (2024),2024
CF_WARLOCK_SUBCLASS,CLS_WARLOCK,,3,Warlock Subclass,Choose a Warlock patron.,,,,PHB (2024),2024
CF_WARLOCK_ASI,CLS_WARLOCK,,4,Ability Score Improvement,Gain ASI or feat (levels 4,8,12,16).,,,,PHB (2024),2024
CF_WARLOCK_CONTACT_PATRON,CLS_WARLOCK,,9,Contact Patron,Cast Contact Other Plane without a slot once per rest.,,,,PHB (2024),2024
CF_WARLOCK_MYSTIC_ARCANUM_6,CLS_WARLOCK,,11,Mystic Arcanum (6th),Gain a level 6 arcanum spell 1/day.,,,,PHB (2024),2024
CF_WARLOCK_MYSTIC_ARCANUM_7,CLS_WARLOCK,,13,Mystic Arcanum (7th),Gain a level 7 arcanum spell 1/day.,,,,PHB (2024),2024
CF_WARLOCK_MYSTIC_ARCANUM_8,CLS_WARLOCK,,15,Mystic Arcanum (8th),Gain a level 8 arcanum spell 1/day.,,,,PHB (2024),2024
CF_WARLOCK_MYSTIC_ARCANUM_9,CLS_WARLOCK,,17,Mystic Arcanum (9th),Gain a level 9 arcanum spell 1/day.,,,,PHB (2024),2024
CF_WARLOCK_EPIC_BOON,CLS_WARLOCK,,19,Epic Boon,Gain an Epic Boon feat.,,,,PHB (2024),2024
CF_WARLOCK_ELDRITCH_MASTER,CLS_WARLOCK,,20,Eldritch Master,Magical Cunning restores all pact slots.,,,,PHB (2024),2024
CF_WARLOCK_FIEND_BLESSING,CLS_WARLOCK,SUB_WARLOCK_FIEND,3,Dark One's Blessing,Gain temp HP when foes drop nearby.,,,,PHB (2024),2024
CF_WARLOCK_FIEND_SPELLS,CLS_WARLOCK,SUB_WARLOCK_FIEND,3,Fiend Spells,Always prepared fiend spells by level.,,,,PHB (2024),2024
CF_WARLOCK_ARCHFEY_SPELLS,CLS_WARLOCK,SUB_WARLOCK_ARCHFEY,3,Archfey Spells,Always prepared archfey spells by level.,,,,PHB (2024),2024
CF_WARLOCK_ARCHFEY_STEPS_OF_THE_FEY,CLS_WARLOCK,SUB_WARLOCK_ARCHFEY,3,Steps of the Fey,Free Misty Step uses with added effects.,,,,PHB (2024),2024
CF_WARLOCK_ARCHFEY_MISTY_ESCAPE,CLS_WARLOCK,SUB_WARLOCK_ARCHFEY,6,Misty Escape,Cast Misty Step as a Reaction when damaged.,Reaction,,,PHB (2024),2024
CF_WARLOCK_ARCHFEY_BEGUILING_DEFENSES,CLS_WARLOCK,SUB_WARLOCK_ARCHFEY,10,Beguiling Defenses,Immune to Charmed; reaction halves damage and reflects.,Reaction,,,PHB (2024),2024
CF_WARLOCK_ARCHFEY_BEWITCHING_MAGIC,CLS_WARLOCK,SUB_WARLOCK_ARCHFEY,14,Bewitching Magic,Teleport after casting Enchantment/Illusion with a slot.,,,,PHB (2024),2024
CF_WARLOCK_CELESTIAL_SPELLS,CLS_WARLOCK,SUB_WARLOCK_CELESTIAL,3,Celestial Spells,Always prepared celestial spells by level.,,,,PHB (2024),2024
CF_WARLOCK_CELESTIAL_HEALING_LIGHT,CLS_WARLOCK,SUB_WARLOCK_CELESTIAL,3,Healing Light,Bonus Action healing pool of d6s.,Bonus Action,,,PHB (2024),2024
CF_WARLOCK_CELESTIAL_RADIANT_SOUL,CLS_WARLOCK,SUB_WARLOCK_CELESTIAL,6,Radiant Soul,Resistance to radiant; add Cha to radiant/fire spell damage.,,,,PHB (2024),2024
CF_WARLOCK_CELESTIAL_CELESTIAL_RESILIENCE,CLS_WARLOCK,SUB_WARLOCK_CELESTIAL,10,Celestial Resilience,Gain Temp HP on rests and share with allies.,,,,PHB (2024),2024
CF_WARLOCK_CELESTIAL_SEARING_VENGEANCE,CLS_WARLOCK,SUB_WARLOCK_CELESTIAL,14,Searing Vengeance,Revive ally on death save; radiant blast and blind.,,,,PHB (2024),2024
CF_WARLOCK_FIEND_DARK_ONES_BLESSING,CLS_WARLOCK,SUB_WARLOCK_FIEND,3,Dark One's Blessing,Gain Temp HP when a nearby foe drops to 0 HP.,,,,PHB (2024),2024
CF_WARLOCK_FIEND_DARK_ONES_OWN_LUCK,CLS_WARLOCK,SUB_WARLOCK_FIEND,6,Dark One's Own Luck,Add 1d10 to an ability check or saving throw.,,,,PHB (2024),2024
CF_WARLOCK_FIEND_FIENDISH_RESILIENCE,CLS_WARLOCK,SUB_WARLOCK_FIEND,10,Fiendish Resilience,Choose a damage resistance after a rest.,,,,PHB (2024),2024
CF_WARLOCK_FIEND_HURL_THROUGH_HELL,CLS_WARLOCK,SUB_WARLOCK_FIEND,14,Hurl Through Hell,Send a target through the Lower Planes for psychic damage.,,,,PHB (2024),2024
CF_WARLOCK_GREAT_OLD_ONE_AWAKENED_MIND,CLS_WARLOCK,SUB_WARLOCK_GREAT_OLD_ONE,3,Awakened Mind,Bonus Action telepathic link with a creature.,Bonus Action,,,PHB (2024),2024
CF_WARLOCK_GREAT_OLD_ONE_SPELLS,CLS_WARLOCK,SUB_WARLOCK_GREAT_OLD_ONE,3,Great Old One Spells,Always prepared Great Old One spells by level.,,,,PHB (2024),2024
CF_WARLOCK_GREAT_OLD_ONE_PSYCHIC_SPELLS,CLS_WARLOCK,SUB_WARLOCK_GREAT_OLD_ONE,3,Psychic Spells,Change damage to psychic; Enchantment/Illusion no V/S.,,,,PHB (2024),2024
CF_WARLOCK_GREAT_OLD_ONE_CLAIRVOYANT_COMBATANT,CLS_WARLOCK,SUB_WARLOCK_GREAT_OLD_ONE,6,Clairvoyant Combatant,Telepathic bond imposes attack disadvantage/advantage.,,,,PHB (2024),2024
CF_WARLOCK_GREAT_OLD_ONE_ELDRITCH_HEX,CLS_WARLOCK,SUB_WARLOCK_GREAT_OLD_ONE,10,Eldritch Hex,Always have Hex prepared; stronger Hex saves.,,,,PHB (2024),2024
CF_WARLOCK_GREAT_OLD_ONE_THOUGHT_SHIELD,CLS_WARLOCK,SUB_WARLOCK_GREAT_OLD_ONE,10,Thought Shield,Resist psychic; reflect psychic damage; thoughts shielded.,,,,PHB (2024),2024
CF_WARLOCK_GREAT_OLD_ONE_CREATE_THRALL,CLS_WARLOCK,SUB_WARLOCK_GREAT_OLD_ONE,14,Create Thrall,Summon Aberration without concentration; bonus damage.,,,,PHB (2024),2024
CF_WARLOCK_FIEND_LUCK,CLS_WARLOCK,SUB_WARLOCK_FIEND,6,Dark One's Own Luck,Add 1d10 to a check or save after roll.,,,,PHB (2024),2024
CF_WARLOCK_FIEND_RESILIENCE,CLS_WARLOCK,SUB_WARLOCK_FIEND,10,Fiendish Resilience,Choose a damage type to resist after rest.,,,,PHB (2024),2024
CF_WARLOCK_FIEND_HURL_THROUGH_HELL,CLS_WARLOCK,SUB_WARLOCK_FIEND,14,Hurl Through Hell,Banish target through the Lower Planes.,,,,PHB (2024),2024
CF_WIZARD_RITUAL_ADEPT,CLS_WIZARD,,1,Ritual Adept,Cast ritual spells from your spellbook.,,,,PHB (2024),2024
CF_WIZARD_ARCANE_RECOVERY,CLS_WIZARD,,1,Arcane Recovery,Recover spell slots on a Short Rest.,,,,PHB (2024),2024
CF_WIZARD_SCHOLAR,CLS_WIZARD,,2,Scholar,Gain Expertise in a chosen Wizard skill.,,,,PHB (2024),2024
CF_WIZARD_SUBCLASS,CLS_WIZARD,,3,Wizard Subclass,Choose a Wizard subclass.,,,,PHB (2024),2024
CF_WIZARD_ASI,CLS_WIZARD,,4,Ability Score Improvement,Gain ASI or feat (levels 4,8,12,16).,,,,PHB (2024),2024
CF_WIZARD_MEMORIZE_SPELL,CLS_WIZARD,,5,Memorize Spell,Swap a prepared spell after a Short Rest.,,,,PHB (2024),2024
CF_WIZARD_SPELL_MASTERY,CLS_WIZARD,,18,Spell Mastery,At-will level 1 and 2 spells from spellbook.,,,,PHB (2024),2024
CF_WIZARD_EPIC_BOON,CLS_WIZARD,,19,Epic Boon,Gain an Epic Boon feat.,,,,PHB (2024),2024
CF_WIZARD_SIGNATURE_SPELLS,CLS_WIZARD,,20,Signature Spells,Cast two level 3 spells once per rest without slots.,,,,PHB (2024),2024
CF_WIZARD_EVOCATION_SAVANT,CLS_WIZARD,SUB_WIZARD_EVOCATION,3,Evocation Savant,Add evocation spells to your spellbook for free.,,,,PHB (2024),2024
CF_WIZARD_POTENT_CANTRIP,CLS_WIZARD,SUB_WIZARD_EVOCATION,3,Potent Cantrip,Cantrips deal half damage on miss or save.,,,,PHB (2024),2024
CF_WIZARD_SCULPT_SPELLS,CLS_WIZARD,SUB_WIZARD_EVOCATION,6,Sculpt Spells,Protect creatures from your evocations.,,,,PHB (2024),2024
CF_WIZARD_EMPOWERED_EVOCATION,CLS_WIZARD,SUB_WIZARD_EVOCATION,10,Empowered Evocation,Add Intelligence to one damage roll.,,,,PHB (2024),2024
CF_WIZARD_OVERCHANNEL,CLS_WIZARD,SUB_WIZARD_EVOCATION,14,Overchannel,Maximize damage of low-level spells with backlash.,,,,PHB (2024),2024
CF_WIZARD_ABJURATION_SAVANT,CLS_WIZARD,SUB_WIZARD_ABJURATION,3,Abjuration Savant,Add abjuration spells to your spellbook for free.,,,,PHB (2024),2024
CF_WIZARD_ABJURATION_ARCANE_WARD,CLS_WIZARD,SUB_WIZARD_ABJURATION,3,Arcane Ward,Create a ward that absorbs damage and can be recharged.,,,,PHB (2024),2024
CF_WIZARD_ABJURATION_PROJECTED_WARD,CLS_WIZARD,SUB_WIZARD_ABJURATION,6,Projected Ward,Reaction to have your ward absorb damage for an ally.,Reaction,,,PHB (2024),2024
CF_WIZARD_ABJURATION_SPELL_BREAKER,CLS_WIZARD,SUB_WIZARD_ABJURATION,10,Spell Breaker,Always prepared Counterspell/Dispel Magic; cast Dispel as Bonus.,,,,PHB (2024),2024
CF_WIZARD_ABJURATION_SPELL_RESISTANCE,CLS_WIZARD,SUB_WIZARD_ABJURATION,14,Spell Resistance,Advantage on saves vs spells; resist spell damage.,,,,PHB (2024),2024
CF_WIZARD_DIVINATION_SAVANT,CLS_WIZARD,SUB_WIZARD_DIVINATION,3,Divination Savant,Add divination spells to your spellbook for free.,,,,PHB (2024),2024
CF_WIZARD_DIVINATION_PORTENT,CLS_WIZARD,SUB_WIZARD_DIVINATION,3,Portent,Roll d20s after rest to replace future d20 tests.,,,,PHB (2024),2024
CF_WIZARD_DIVINATION_EXPERT_DIVINATION,CLS_WIZARD,SUB_WIZARD_DIVINATION,6,Expert Divination,Regain a lower-level slot after casting divination spells.,,,,PHB (2024),2024
CF_WIZARD_DIVINATION_THIRD_EYE,CLS_WIZARD,SUB_WIZARD_DIVINATION,10,The Third Eye,Bonus Action to gain senses or read languages.,Bonus Action,,,PHB (2024),2024
CF_WIZARD_DIVINATION_GREATER_PORTENT,CLS_WIZARD,SUB_WIZARD_DIVINATION,14,Greater Portent,Roll three Portent dice instead of two.,,,,PHB (2024),2024
CF_WIZARD_ILLUSION_SAVANT,CLS_WIZARD,SUB_WIZARD_ILLUSION,3,Illusion Savant,Add illusion spells to your spellbook for free.,,,,PHB (2024),2024
CF_WIZARD_ILLUSION_IMPROVED_ILLUSIONS,CLS_WIZARD,SUB_WIZARD_ILLUSION,3,Improved Illusions,No V components; range boost; gain Minor Illusion.,,,,PHB (2024),2024
CF_WIZARD_ILLUSION_PHANTASMAL_CREATURES,CLS_WIZARD,SUB_WIZARD_ILLUSION,6,Phantasmal Creatures,Always prepared Summon Beast/Fey; cast without slot options.,,,,PHB (2024),2024
CF_WIZARD_ILLUSION_ILLUSORY_SELF,CLS_WIZARD,SUB_WIZARD_ILLUSION,10,Illusory Self,Reaction to negate a hit with an illusion.,Reaction,,,PHB (2024),2024
CF_WIZARD_ILLUSION_ILLUSORY_REALITY,CLS_WIZARD,SUB_WIZARD_ILLUSION,14,Illusory Reality,Make an illusory object real for 1 minute.,,,,PHB (2024),2024
